,username,avg_comment_similarity,avg_comment_time_interval,avg_reply_speed,avg_toxicity
0,test470,0.6368799595187258,0 days 08:42:08,0 days 01:24:04,0.7044687767823538
1,SpecialistParticular,0.5393448213952061,1 days 02:32:32,1 days 19:46:43,0.786446750164032
2,meechu,0.6157725769705084,1 days 17:51:48,0 days 04:43:41,0.5195265263319016
3,TheBonusWings,0.41572956005469713,0 days 03:12:28,0 days 04:03:36,0.7397172808647156
4,Jokernibbles,0.7307225052242119,2 days 00:15:44,0 days 07:26:24,0.7302255928516388
5,melikestoread,0.6053702271047868,0 days 05:14:11,0 days 04:08:46,0.6380094736814499
6,zoopzo,0.5802359899349154,0 days 03:06:15,0 days 05:46:30,0.7465866386890412
7,sweetchai777,0.7980940833844129,1 days 19:14:41,0 days 07:14:47,0.6537428233358595
8,banditorama,0.6091431060191314,0 days 00:20:51,0 days 00:14:49,0.8306535283724467
9,Granite66,0.5969758346166276,1 days 06:38:45,0 days 08:17:12,0.7949781715869904
10,Flashyshooter,0.6681665532924519,3 days 04:40:22,0 days 19:41:11,0.5535559207201004
11,sneakylyric,0.4910632987974195,0 days 02:44:41,0 days 04:00:59,0.7371378988027573
12,FidelHimself,0.5305092953779438,0 days 03:44:29,0 days 08:17:17,0.5080295205116272
13,TheHashassin,0.5943934635578151,0 days 00:49:17,0 days 04:48:28,0.7473006844520569
14,Confettiman,0.52607870173793,0 days 22:40:51,0 days 01:16:17,0.8553523222605387
15,DancingKappa,0.4720617809838268,0 days 02:28:20,0 days 04:10:38,0.7162619084119797
16,Skrapadelux,0.7240109703829636,6 days 11:31:24,0 days 02:09:29,0.5865159034729004
17,Zahoff,0.35323039007204105,1 days 08:46:47,0 days 04:21:39,0.6090124063193798
18,RenderedCreed,0.6926172701358454,1 days 10:15:02,0 days 06:02:26,0.84943488240242
19,greedycow776,0.3814113573025533,1 days 23:09:31,0 days 06:06:00,0.9870326966047287
20,Chief81kane,0.4290913190403102,10 days 04:58:28,0 days 21:44:32,0.9673558473587036
21,Zealousideal-Neat-11,0.4303802326025316,1 days 02:47:00,0 days 09:54:41,0.7647967338562012
22,freeformgiggles,0.49036065584793354,1 days 02:26:04,0 days 01:59:31,0.4761333614587784
23,ihatelifetoo,0.4046226390326083,0 days 02:39:41,0 days 07:45:52,0.48016223311424255
24,RaspyTheGrizz,0.4099591928142406,1 days 01:39:27,0 days 03:12:30,0.3536915183067322
25,EJohns1004,0.6022636788035229,0 days 01:44:31,0 days 04:15:58,0.626904085278511
26,welltester10,0.39935666560559424,1 days 19:57:53,9 days 21:57:33,0.6518315970897675
27,analest-analyst,0.4309928047605602,0 days 10:52:52,0 days 05:25:01,0.5213368237018585
28,VivaLaMantekilla,0.49053290863394466,1 days 04:25:07,0 days 08:42:14,0.6791645586490631
29,KoreanNoodles77,0.6999121428633764,0 days 10:21:55,0 days 06:43:44,0.6480505764484406
30,Nihiliatis9,0.5472123357369172,0 days 03:53:11,0 days 06:31:53,0.6852567195892334
31,OG_PapaSid,0.5485957027034085,0 days 18:12:45,0 days 04:41:18,0.7672264218330384
32,slatibarfarst3,0.6845743957488594,0 days 07:48:25,0 days 06:34:40,0.6819235920906067
33,TiberiusGracchi,0.6910426876298441,0 days 00:44:04,0 days 02:22:05,0.9856691062450409
34,RickValassi1,0.47499366925147335,0 days 11:24:35,0 days 06:50:59,0.6342118382453918
35,TheCureprank,0.44116751592616277,0 days 03:37:17,0 days 07:40:17,0.8944436361392339
36,CraftyCoconuts,0.6737834770595074,1 days 06:24:55,0 days 07:12:55,0.9266727847211501
37,HERMANNATOR85,0.5594762283578193,0 days 05:41:09,0 days 08:30:14,0.7983194589614868
38,StonedLonerIrl,0.5658757351086544,1 days 10:08:48,0 days 06:09:45,0.8477513151509422
39,iKilluazoldyck,0.5746779620881227,14 days 22:52:35,0 days 09:05:45,0.8114950619637966
40,Ordinary-Doughnut-25,0.596276163197459,11 days 01:44:12,0 days 03:10:49,0.38083845376968384
41,Still-a-VWfan,0.6225985157385345,0 days 05:16:55,0 days 05:09:09,0.7667371034622192
42,91DSM,0.5821990947669646,3 days 11:32:04,0 days 10:22:27,0.749152272939682
43,Kyburgboy,0.36277356890419815,0 days 08:41:20,0 days 06:07:48,0.9462700585524241
44,Complete_Respect_369,0.47169955390377794,0 days 16:18:13,0 days 07:33:51,0.8575915396213531
45,Buick6NY,0.6456810370774773,0 days 00:19:56,0 days 01:34:55,0.6108962297439575
46,yougottamanifest,0.5353071288521494,1 days 08:36:04,0 days 03:07:16,0.35769161581993103
47,_Vetis_,0.47323677247539436,0 days 06:24:05,0 days 03:57:32,0.5586563348770142
48,Personal_Job7151,0.6948773507138967,10 days 01:11:56,0 days 17:23:57,0.6189886544431958
49,Dadpockets,0.382942591921217,2 days 08:03:02,0 days 06:33:30,0.343896746635437
50,OilSlickRickRubin,0.5774486555764715,0 days 02:51:42,0 days 05:11:48,0.6527246981859207
51,MiachelJames23,0.5553826718951387,0 days 18:44:00,0 days 18:34:04,0.8071621869291578
52,Stevo2008,0.6208161637818465,0 days 00:06:24,0 days 01:51:38,0.9399292979921613
53,vegan_craig,0.4137120934467236,0 days 08:56:37,0 days 05:40:51,0.9839097857475281
54,Cornbread_Collins13,0.5804821418827066,0 days 12:37:09,0 days 07:27:04,0.782440260052681
55,markglas,0.4699415324045581,0 days 08:51:26,0 days 08:58:39,0.738238736987114
56,SupraaDupra,0.5521213039329426,0 days 07:42:14,0 days 05:37:16,0.827268660068512
57,trugearhead81,0.7022050469003758,0 days 22:21:27,0 days 06:06:02,0.629623219370842
58,JoeHypnotic,0.4402683958779483,0 days 16:26:06,0 days 04:45:52,0.7064977362751961
59,Dull-Heron-2036,0.7187430706505691,2 days 08:35:33,0 days 07:32:05,0.9200504620869955
60,fire0087,0.39616717383469296,1 days 01:56:49,1 days 09:36:56,0.8306052088737488
61,Whornz4,0.5658770923548785,0 days 02:18:51,0 days 06:14:11,0.6761064165168338
62,fisticuntz,0.36195591080359374,0 days 00:01:46,0 days 02:32:18,0.3933456540107727
63,rantingsofastarseed,0.5204938441179963,0 days 12:49:38,0 days 07:00:19,0.7684014141559601
64,Trane55,0.4001928996282399,0 days 16:12:23,0 days 12:25:03,0.8388626575469971
65,freindlyfonzi,0.5044520284919455,0 days 11:26:51,0 days 05:08:05,0.7947515845298767
66,justanothernpe,0.5965065698482063,0 days 04:12:34,0 days 04:35:31,0.829010804494222
67,IToldYouIHeardBanjos,0.27942439533383195,0 days 07:17:48,0 days 05:43:17,0.9242494106292725
68,TheSilentTitan,0.5538601043821904,0 days 01:26:25,0 days 08:28:45,0.8532291650772095
69,Step-Father_of_Lies,0.6679513243584259,0 days 02:38:38,0 days 04:26:27,0.9263084232807159
70,twitchspank,0.7181815573171277,0 days 07:31:39,0 days 06:32:18,0.5599477887153625
71,fisticuntz,0.36195591080359374,0 days 00:01:46,0 days 02:32:18,0.3933456540107727
72,JoeOcotillo,0.5643566186113698,0 days 09:58:52,0 days 09:31:38,0.7772181630134583
73,Reaching4ThoseGrapes,0.6134464508225083,0 days 08:58:06,0 days 02:37:10,0.9269834458827972
74,IrvineKafka,0.29484873511697546,3 days 12:35:29,0 days 10:25:07,0.9349037739965651
75,BillHicks303,0.46136450042694893,8 days 15:45:48,0 days 20:07:30,0.9982951283454895
76,The_Great_Man_Potato,0.42542560296483234,1 days 23:34:01,3 days 13:12:53,0.5570854991674423
77,goodwolfproject,0.4742581690447512,4 days 18:23:50,0 days 13:57:23,0.6495582660039266
78,LoneHusky21,0.6364395506503753,7 days 19:33:36,0 days 03:16:42,0.7118344306945801
79,nessaavee,0.47031810666507445,0 days 12:56:29,37 days 21:38:02,0.5607961614926656
80,crazybunny21,0.5980768239652224,0 days 01:33:46,0 days 05:54:30,0.9299466609954834
81,Not_Reddit,0.5139008999194773,0 days 01:30:06,0 days 08:30:43,0.6842123419046402
82,PladBaer,0.6353615433191945,1 days 06:13:47,0 days 05:02:04,0.7258678615093231
83,MaNGoCHRiS94,0.554576721426122,1 days 15:44:49,1 days 22:02:02,0.9927805066108704
84,dougdunn,0.3699293892131719,0 days 14:46:44,0 days 02:20:25,0.645969033241272
85,abigmatt,0.5239968814088848,1 days 10:25:43,0 days 07:32:20,0.8212907165288925
86,deluon,0.4615113060095083,0 days 08:01:44,0 days 06:43:05,0.7748054325580597
87,Bearspice7577,0.7930325457387263,0 days 05:40:17,0 days 00:42:09,0.723154882589976
88,be-right-or-be-funny,0.6465590135316486,2 days 17:19:55,0 days 14:34:27,0.6069844961166382
89,MadeToDisagree,0.3875417534212342,0 days 17:39:42,0 days 07:25:32,0.5666459600130717
90,testtubemuppetbaby,0.6563496337039697,0 days 03:44:29,0 days 03:24:38,0.9772852182388305
91,Metroncat,0.5958704880755654,0 days 14:47:46,0 days 03:49:24,0.9217714190483093
92,realSatanAMA,0.4918695942128704,0 days 14:10:39,0 days 07:59:38,0.909661591053009
93,Medical-Tennis9363,0.6204276919793649,0 days 16:11:29,0 days 09:10:58,0.5093696713447571
94,MostlyLurk_0,0.5481043515558599,11 days 08:14:38,1 days 07:00:45,0.7419217005372047
95,el-cuko,0.49565468022670284,0 days 02:28:15,0 days 06:55:02,0.7740638596670968
96,PemaleBacon,0.6163420929713206,0 days 12:07:12,0 days 11:34:23,0.6683508902788162
97,Own-Pressure4018,0.4547839085507455,0 days 00:23:57,0 days 07:39:11,0.722481906414032
98,Abbreviations-Salt,0.6737083544211854,0 days 10:12:12,0 days 03:13:40,0.7073120574156443
99,footfoe,0.6839238276451644,0 days 05:30:51,0 days 09:01:45,0.6184153060118357
100,NMBoavida,0.5059299304771093,0 days 14:19:28,0 days 07:48:48,0.7946571757396063
101,bcuc2031,0.5816669062487757,0 days 09:42:34,0 days 13:40:27,0.7946218103170395
102,Danger_Danger,0.5090587634837159,0 days 08:27:05,0 days 03:46:33,0.7492039331368038
103,Public_Fruit8058,0.4119177504724229,1 days 07:08:13,0 days 05:53:42,0.8518234491348267
104,Character_Yak_6005,0.47420810884131426,6 days 02:46:47,75 days 18:44:12,0.711031474173069
105,a_distantmemory,0.5864034134041816,0 days 12:32:59,62 days 17:29:49,0.9331985116004944
106,EmptyHope2,0.5981412834922605,1 days 03:51:08,0 days 05:50:35,0.6817172084535871
107,EveryCell,0.5286192888332265,0 days 08:59:33,0 days 15:20:44,0.7374439239501953
108,guammm17,0.7254463347481289,1 days 01:29:09,0 days 15:15:37,0.7222526147961617
109,Ricky_gervaisIRL,0.746562462371732,0 days 11:13:27,0 days 07:04:00,0.7749958261847496
110,SnakePliskin799,0.4882158513945922,0 days 02:17:35,0 days 04:30:44,0.9711332559585572
111,Kinderguardian15,0.5605817765168054,12 days 13:09:10,0 days 03:26:48,0.8447938958803812
112,whippymcdumbass,0.4729727547684449,0 days 12:54:33,5 days 04:52:32,0.6080840528011322
113,TheCureprank,0.44116751592616277,0 days 03:37:17,0 days 07:40:17,0.8944436361392339
114,Ducky_from_Kentucky,0.5416439859021199,0 days 02:22:08,0 days 00:40:46,0.9390607178211212
115,NotChadImStacy,0.4446051367568433,1 days 15:51:08,0 days 00:56:18,0.41065123677253723
116,Enough-Ad1242,0.5781326027846578,3 days 20:06:48,0 days 08:38:18,0.8973687236959283
117,Brave-Victory-3632,0.7672667093270399,0 days 03:03:49,0 days 01:45:14,0.6642645100752512
118,Dacu_Dacul,0.37716511587851936,3 days 16:04:36,0 days 15:09:57,0.8124577522277832
119,sunimTyeoj,0.5763727753108483,1 days 06:05:16,0 days 11:34:31,0.9360747436682383
120,hgiswaa,0.5219902809114109,0 days 17:55:42,0 days 03:32:54,0.5886306315660477
121,Ape_McNanners,0.432940776909331,2 days 17:53:44,0 days 05:12:30,0.8310405164957047
122,hussletrees,0.739670850252535,0 days 00:59:56,0 days 03:50:21,0.7004503756761551
123,Poet_Silly,0.26707536643075214,0 days 08:46:24,0 days 09:20:16,0.6232289771238962
124,curiousamoebas,0.48320188075214576,0 days 13:52:04,0 days 09:01:37,0.6100665777921677
125,shrtsqzz,0.6466146036371473,4 days 21:34:01,1 days 05:15:56,0.9127576649188995
126,BillPaxtonIsAlive,0.6236829749824204,2 days 07:36:38,0 days 04:30:24,0.9138659536838531
127,abletofable,0.5663600601053784,0 days 03:43:01,0 days 07:02:21,0.49089016020298004
128,Shanguerrilla,0.7040247442463184,0 days 02:27:03,1 days 05:02:02,0.9100948870182037
129,Tantalus4200,0.4002025668205243,0 days 00:02:47,0 days 02:08:53,0.5878512263298035
130,LegEcstatic7775,0.6348331887193505,0 days 03:51:37,0 days 06:45:12,0.8419390122095743
131,turtlew0rk,0.474116797912045,0 days 02:15:35,0 days 01:47:37,0.7470497637987137
132,pennyhustlers,0.4233940826415538,9 days 21:50:06,0 days 06:06:12,0.818414705991745
133,rhyspy,0.49155451612126483,6 days 04:52:05,1 days 10:42:06,0.9712722599506378
134,EarlOfMarr,0.3392396781739727,1 days 09:14:15,0 days 07:03:54,0.6886860504746437
135,dosedatwer,0.7623354850215465,0 days 05:24:18,0 days 04:01:53,0.976337194442749
136,_________FU_________,0.5513907224498995,0 days 01:12:01,0 days 07:28:28,0.8476539552211761
137,TheGeopoliticusChild,0.6548336022662228,1 days 06:24:03,0 days 18:01:02,0.4830782214800517
138,Sphan_86,0.5597405235556876,0 days 07:01:53,0 days 07:26:56,0.6600777059793472
139,fuzzycuffs,0.4449766324431349,0 days 03:39:27,1 days 18:42:09,0.850463996330897
140,Mnmkd,0.8035681380806732,0 days 01:08:57,0 days 01:02:58,0.40875743329524994
141,gn4rw0lph,0.3493601389427832,0 days 11:59:16,126 days 08:42:44,0.8200385967890421
142,Trumphassmallhands5,0.5995160544635616,5 days 05:19:51,28 days 06:26:23,0.758629047870636
143,RupertNeve33609,0.6290487573866507,0 days 00:25:26,23 days 23:21:40,0.7943097750345866
144,pepperonihotdog,0.42523140102644785,0 days 04:33:40,0 days 07:38:10,0.6532753854990005
145,SowTheSeeds,0.5871858070403426,0 days 04:13:40,0 days 04:39:55,0.7808602281979152
146,eddymarkwards,0.6353508531413198,0 days 22:56:20,0 days 06:37:41,0.802746390302976
147,JoeSicko,0.3948456381870776,0 days 03:07:48,0 days 04:01:35,0.6064972817897797
148,d3krepit,0.4941993696901797,2 days 17:29:29,0 days 01:43:23,0.7662247493863106
149,IncorruptibleTruth,0.5515353044427876,2 days 21:50:28,0 days 11:07:15,0.7863201200962067
150,keeleon,0.5162852476920966,0 days 04:19:02,0 days 11:28:24,0.8508575558662415
151,orygunmane,0.5607991150500877,0 days 00:28:12,0 days 01:58:05,0.8206675350666046
152,babaroga73,0.4839364211251207,0 days 00:38:53,0 days 05:21:59,0.9685081541538239
153,igcuric,0.28972045719025796,4 days 19:13:29,0 days 13:54:05,0.7366540282964706
154,Little-Helper,0.26631655539692745,0 days 01:10:57,0 days 02:59:28,0.5512725710868835
155,Zestyclose-Dog-3886,0.6163898133730171,6 days 17:06:13,0 days 04:29:33,0.9151501283049583
156,OG_Bongo,0.5604943520528165,5 days 12:47:13,1 days 10:53:14,0.7976117059588432
157,Kurac-ville,0.4721056641707378,1 days 02:24:57,7 days 14:27:58,0.9987637996673584
158,rep4rep,0.6173412114489937,1 days 10:45:34,2 days 17:29:37,0.464916467666626
159,Powerful_Artist,0.7432192952109034,0 days 01:24:15,0 days 02:16:04,0.3117636740207672
160,soconfused4200,0.6853738304906092,4 days 07:44:49,0 days 04:45:52,0.943821907043457
161,flava_ADHD,0.33741064374328983,0 days 05:11:43,0 days 08:06:02,0.39988231658935547
162,nickice946,0.3616829314996552,0 days 21:33:47,0 days 08:49:30,0.8846750259399414
163,Druidic_Bluri,0.413417452879868,0 days 05:53:28,0 days 07:20:47,0.8008292317390442
164,skybluecity,0.266345000807705,0 days 00:05:32,5 days 10:03:34,0.8646466434001923
165,Aggressive_Egg_9661,0.47456372215514014,7 days 21:50:29,0 days 08:28:52,0.8310249944527944
166,lraynor6,0.49548831544791266,15 days 21:28:08,0 days 11:18:44,0.8891302585601807
167,Powerful-Maize7805,0.6164917257697841,4 days 10:37:16,0 days 13:23:19,0.3774663209915161
168,Stevo2008,0.6208161637818465,0 days 00:06:24,0 days 01:51:38,0.9399292979921613
169,Ok-Entrepreneur-4466,0.5214608389219937,1 days 17:38:33,0 days 20:40:36,0.8711252093315125
170,howigottomemphis,0.6328020805487965,2 days 00:20:06,0 days 02:28:07,0.8250105112791062
171,MaxwellHillbilly,0.42565929840443556,0 days 00:38:48,0 days 01:42:12,0.5389375984668732
172,Marvheen,0.3630824714764578,3 days 22:34:02,0 days 08:32:52,0.9875088334083557
173,PM_ME_NEW_VEGAS_MODS,0.5905647263565861,1 days 17:36:56,0 days 10:53:54,0.9466752260923386
174,test470,0.6368799595187258,0 days 08:42:08,0 days 01:24:04,0.7044687767823538
175,matchfan,0.472717327140372,0 days 05:37:26,0 days 05:02:07,0.5365594625473022
176,spyd3rweb,0.5731005093751166,0 days 02:40:54,0 days 10:02:58,0.68916916847229
177,ea9ea,0.4225973083356449,1 days 11:37:59,0 days 09:33:39,0.6681111603975296
178,SexualDeth5quad,0.5431519391413124,0 days 05:41:28,0 days 04:38:41,0.48958414793014526
179,BHocH55,0.406917510865044,3 days 18:40:45,0 days 10:07:57,0.4180659055709839
180,Bettyourlife,0.8493433676254201,0 days 17:38:52,0 days 22:33:33,0.35445845127105713
181,-The-Moon-Presence-,0.46638967009532595,0 days 03:05:08,0 days 03:45:48,0.852351997579847
182,2legit2quit84,0.5554152244129349,5 days 00:59:45,0 days 01:30:11,0.5830597758293152
183,Yak-Electrical,0.4985969540626166,2 days 01:22:39,0 days 05:16:48,0.7436624467372894
184,Its_Grex,0.3986723768438054,0 days 19:54:51,0 days 13:21:13,0.759308785200119
185,empiricalreddit,0.5839143769195804,0 days 18:29:18,0 days 10:05:46,0.7593348920345306
186,scoopm16,0.5067185151911635,1 days 05:23:15,0 days 11:56:26,0.6916636327902476
187,n1k0ch4n,0.374416935979546,4 days 23:39:58,0 days 05:38:59,0.9968904852867126
188,alienatedesire,0.2502820191740135,8 days 16:47:32,0 days 05:08:25,0.7632586359977722
189,DarthFrancis9,0.12604006502948148,2 days 01:09:02,0 days 00:41:11,0.7636252641677856
190,Stripes-n-Stars,0.5609040968907204,2 days 09:49:53,0 days 07:06:50,0.9728798568248749
191,RedditBurner_5225,0.3584504381420886,0 days 01:06:27,0 days 02:42:13,0.9412892460823059
192,error404_name_dlted,0.5543940415132875,3 days 02:28:51,0 days 05:59:50,0.9972215890884399
193,I_Cant_Recall,0.665280108129595,6 days 05:56:24,0 days 05:42:45,0.8056133304323468
194,BigSixPack,0.5273346611053482,1 days 12:32:43,0 days 06:21:54,0.7179601714015007
195,Epyon_,0.6158825561099124,0 days 11:05:06,0 days 06:21:04,0.8067341029644013
196,vilent_sibrate,0.5451265472541409,0 days 06:32:41,1 days 01:56:33,0.784096360206604
197,Schippsahoy,0.5395228540479837,1 days 18:47:36,0 days 01:49:03,0.5383405089378357
198,MisanthropicZombie,0.4531687409597968,0 days 19:00:27,0 days 06:11:38,0.6365412871042887
199,MacMaizer,0.2859961147568984,0 days 03:19:08,0 days 01:06:34,0.7633904019991556
200,StriKyleder,0.4363728722522112,16 days 09:46:13,19 days 10:10:06,0.9972831010818481
201,endigochild,0.5966034531891319,0 days 11:12:48,0 days 11:46:44,0.5011603534221649
202,Old_Fart52,0.6740006367199812,0 days 13:57:29,0 days 05:01:01,0.7454604133963585
203,mr_lab_mouse,0.45383890802892696,0 days 09:15:16,0 days 04:42:00,0.9214494973421097
204,Jnoles07,0.6308023284992692,1 days 06:17:50,4 days 13:02:27,0.9782283902168274
205,LimpBizkitSkankBoy,0.43731931027113735,1 days 12:56:02,0 days 02:14:34,0.7116182992855707
206,AnnaBanana1129,0.7119649155817399,0 days 03:15:13,0 days 09:35:42,0.6939353197813034
207,weirdmountain,0.5587690441921102,0 days 04:39:06,0 days 05:52:14,0.7330603152513504
208,matishg,0.34668405935185653,3 days 03:32:36,0 days 09:33:46,0.7887746890385946
209,rickp99onu,0.342652267145115,0 days 15:09:32,1 days 19:17:32,0.5882548044125239
210,SeiCalros,0.6896078018547003,0 days 03:58:29,0 days 02:28:51,0.6373989880084991
211,HIVnotAdeathSentence,0.6004668184292256,1 days 14:55:59,0 days 08:25:55,0.864558200041453
212,Gringo0984,0.7949285042804382,1 days 04:43:53,0 days 12:22:35,0.6470982693135738
213,beeplantlady,0.7078278847285241,1 days 11:31:04,0 days 04:26:44,0.7128131006445203
214,SmackEdge,0.49439079827178556,1 days 00:29:54,2 days 00:35:03,0.8776487310727438
215,DarthCovisious,0.6238368746204797,0 days 02:12:02,0 days 01:53:55,0.8919827193021774
216,Bettyourlife,0.8493433676254201,0 days 17:38:52,0 days 22:33:33,0.35445845127105713
217,BLACKxFR0STY,0.6350607047559161,7 days 14:21:12,9 days 05:23:01,0.6782694586685726
218,SexualDeth5quad,0.5431519391413124,0 days 05:41:28,0 days 04:38:41,0.48958414793014526
219,Just_Looking7392,0.627051429230653,0 days 06:39:21,0 days 03:23:16,0.7478635385632515
220,ciphern,0.5731584099360255,0 days 04:29:23,0 days 06:11:14,0.8173695604006449
221,babybutters,0.3449104792571022,0 days 03:39:30,0 days 07:51:58,0.9660581151644388
222,Shanguerrilla,0.7040247442463184,0 days 02:27:03,1 days 05:02:02,0.9100948870182037
223,wolfman86,0.5696150108027783,0 days 02:46:55,0 days 06:17:16,0.8316508730252584
224,SadakoSales,0.5933869673834138,5 days 22:00:52,0 days 05:16:32,0.7256090193986893
225,a_distantmemory,0.6081087533691582,0 days 13:22:42,68 days 21:38:43,0.9331985116004944
226,Spaceboy80,0.4669859495315681,0 days 07:24:46,0 days 08:51:40,0.9709093741008213
227,bygtopp,0.45900643194754637,0 days 02:18:40,0 days 09:16:07,0.9513701796531677
228,gamerholic,0.46423411416863697,0 days 07:52:28,0 days 07:47:27,0.9215614398320516
229,SlapMyCHOP,0.5159242903513159,0 days 01:42:17,0 days 03:03:36,0.7900291383266449
230,a_distantmemory,0.6081087533691582,0 days 13:22:42,68 days 21:38:43,0.9331985116004944
231,Nirvana038,0.5193379259625882,1 days 07:38:36,0 days 05:09:56,0.6986383497714996
232,Aggressive_Egg_9661,0.47456372215514014,7 days 21:50:29,0 days 08:28:52,0.8310249944527944
233,waybetter94,0.49537093882011835,12 days 18:25:08,0 days 12:30:25,0.8200350642204285
234,jrgman42,0.49856760247768017,0 days 06:19:22,0 days 06:17:02,0.8428293317556381
235,HunterGonzo,0.7605931959621546,1 days 01:17:49,0 days 04:28:09,0.3801775276660919
236,The_Frag_Man,0.417659584204804,2 days 16:30:14,0 days 05:33:05,0.9975022673606873
237,Considered_Dissent,0.6263902046650809,0 days 04:38:22,0 days 11:32:01,0.38608628511428833
238,SexualDeth5quad,0.5431519391413124,0 days 05:41:28,0 days 04:38:41,0.48958414793014526
239,8last,0.5722033008350843,0 days 21:56:37,0 days 03:44:32,0.9646449983119965
240,Mentos13371,0.4988653399184994,0 days 04:34:13,0 days 07:10:35,0.7269389033317566
241,a_distantmemory,0.6081087533691582,0 days 13:22:42,68 days 21:38:43,0.9331985116004944
242,MountyontheBounty,0.6257165915831501,6 days 00:41:17,0 days 03:05:16,0.46289747953414917
243,theskyalreadyfell217,0.4531531771788996,0 days 08:57:25,0 days 02:26:45,0.9246488213539124
244,No-Contribution-1312,0.35677258926219335,18 days 01:20:00,0 days 06:06:43,0.4615919142961502
245,ThePornAccount3000,0.6368707299836689,7 days 14:13:22,2 days 09:47:58,0.9203102290630341
246,lulu893,0.5483547638495603,0 days 06:33:42,0 days 06:39:54,0.39341795444488525
247,jwrogers33,0.6169114975866078,2 days 14:04:09,0 days 07:36:32,0.7816244065761566
248,Banalfarmer-goldhnds,0.5709449518153048,0 days 19:57:41,0 days 05:13:37,0.7839887738227844
249,jotham574,0.7295920855168389,7 days 03:46:20,0 days 03:21:57,0.7260260879993439
250,FnfHeat,0.43719848768236624,0 days 05:30:44,5 days 05:28:35,0.6633262591702598
251,slayman2001,0.6448410279203598,11 days 12:04:15,259 days 17:11:56,0.6387203931808472
252,not_Packsand,0.5199883235582978,1 days 20:52:03,0 days 08:52:51,0.7648654580116272
253,molecat1,0.3861566507229721,1 days 17:39:09,1 days 12:01:29,0.6449071764945984
254,jhugh,0.6124066999788059,0 days 02:10:49,0 days 03:10:55,0.8882516622543335
255,SexualDeth5quad,0.5431519391413124,0 days 05:41:28,0 days 04:38:41,0.48958414793014526
256,zoltronzero,0.6020499934784997,1 days 21:47:39,0 days 04:42:33,0.7952869964970483
257,JakeWombat,0.3795486247816611,2 days 07:00:40,0 days 07:17:39,0.7610567708810171
258,IAMHideoKojimaAMA,0.4387413934001006,0 days 03:37:21,0 days 07:58:01,0.817219614982605
259,Consistent_Ad3181,0.5272544355458639,0 days 03:24:23,0 days 08:50:37,0.751178503036499
260,jimi-ray-tesla,0.44389527088144726,7 days 08:41:59,0 days 05:07:59,0.7171073071658611
261,Magnanimous-,0.3717356922183342,0 days 04:16:56,0 days 04:45:50,0.6916142523288726
262,ChateauDeDangle,0.631764518849169,0 days 20:00:53,0 days 03:57:44,0.3307669460773468
263,onlycatshere,0.5741411617676582,0 days 06:40:31,0 days 04:03:00,0.6245600432157516
264,SchloomyPops,0.5475888713307503,0 days 02:03:01,0 days 05:56:25,0.8367498219013214
265,CrustyCumTowel,0.611940921683108,46 days 17:34:23,3 days 23:03:13,0.38941138982772827
266,TheGoalOfGoldFish,0.43502391718745853,1 days 22:41:44,0 days 13:01:25,0.873028576374054
267,Ronnie_1990,0.4160892372028572,10 days 14:48:03,0 days 09:29:55,0.975714107354482
268,lurkenstine,0.5398628465257874,0 days 06:23:16,0 days 07:43:34,0.8894854585329691
269,Whispering-Depths,0.7871770923049289,0 days 01:57:36,0 days 22:00:30,0.8428701971258435
270,SnooOwls6252,0.44516971090246277,12 days 00:35:14,0 days 07:28:07,0.9212994078795115
271,Glittering_Dig2257,0.4907663575335323,2 days 16:25:25,0 days 00:22:52,0.7814458608627319
272,monkeylovingape6969,0.45691732266821766,3 days 07:41:04,0 days 05:40:33,0.9406286875406901
273,justanotherwave00,0.5180243512565024,0 days 16:25:21,0 days 04:29:35,0.7909195423126221
274,BasedToken,0.428586592035186,1 days 06:38:17,0 days 10:21:29,0.9954167604446411
275,deluon,0.4615113060095083,0 days 08:01:44,0 days 06:43:05,0.7748054325580597
276,Scabrous403,0.31918351395452427,0 days 15:27:47,0 days 06:13:16,0.5098134477933248
277,Pongfarang,0.5099347508181427,0 days 01:14:20,15 days 02:26:15,0.7832547823588053
278,Kryptus,0.3968695860354395,0 days 02:38:24,0 days 02:56:36,0.5415583550930023
279,lalala253,0.5456417492078042,0 days 03:34:35,0 days 07:10:57,0.5815479606389999
280,ShitForBranes,0.6965594554948414,0 days 15:10:05,0 days 03:07:02,0.6874483227729797
281,bigtimemoneybags,0.595271619331451,2 days 22:38:35,0 days 13:04:11,0.7569106221199036
282,Iamabenevolentgod,0.634470171764741,2 days 04:52:50,0 days 09:02:40,0.8166151642799377
283,HeadedToAlaska,0.5127733894754652,0 days 03:35:31,0 days 02:56:22,0.9677140911420187
284,a_distantmemory,0.6081087533691582,0 days 13:22:42,68 days 21:38:43,0.9331985116004944
285,K-Ziggy,0.6585120750336643,0 days 06:03:24,0 days 01:20:41,0.673427164554596
286,Fletchicus,0.567673184878577,1 days 12:14:37,0 days 16:24:21,0.941351314385732
287,CurtisCFlushing,0.49983529767106555,0 days 02:23:23,0 days 03:53:51,0.6892493739724159
288,Ok-Entrepreneur-4466,0.5214608389219937,1 days 17:38:33,0 days 20:40:36,0.8711252093315125
289,SwiftDeathPunch,0.26974660256722666,3 days 11:01:00,32 days 12:44:48,0.9984311461448669
290,Cranial-Nerve,0.367507642480207,1 days 16:14:58,0 days 07:33:17,0.861535906791687
291,Neauxluh,0.528543604643807,3 days 09:56:42,9 days 08:07:49,0.8283044844865799
292,DuneWulff,0.5829820111916014,0 days 19:17:48,4 days 13:44:24,0.819402426481247
293,HeadedToAlaska,0.5127733894754652,0 days 03:35:31,0 days 02:56:22,0.9677140911420187
294,electron65,0.40917528439412,0 days 12:04:10,33 days 04:15:29,0.8771478533744812
295,Fit_Reception4923,0.47046441428483265,0 days 05:38:49,5 days 08:34:43,0.649700254201889
296,Bubbly_Ad1718,0.5546650774878368,0 days 05:24:40,0 days 02:16:31,0.687224417924881
297,Any-Problem-7426,0.5599382040698935,5 days 21:05:12,0 days 17:03:30,0.712245504061381
298,ApexxPredditor,0.5973812848529065,0 days 01:12:51,0 days 02:17:09,0.8982325196266174
299,Yak-Electrical,0.4985969540626166,2 days 01:22:39,0 days 05:16:48,0.7436624467372894
300,Severe-Heron-4510,0.5653478636329226,3 days 16:45:05,0 days 06:01:43,0.72067691385746
301,on3_3y3d_bunny,0.5787426351807662,2 days 08:07:51,0 days 07:19:59,0.9419921487569809
302,DoctorShlomo,0.6121860709750939,0 days 14:06:31,0 days 03:11:46,0.4762513041496277
303,Fit_Reception4923,0.47046441428483265,0 days 05:38:49,5 days 08:34:43,0.649700254201889
304,SexualDeth5quad,0.5431519391413124,0 days 05:41:28,0 days 04:38:41,0.48958414793014526
305,x-Sleepy,0.5431268885628617,0 days 05:09:53,0 days 02:26:27,0.7157997588316599
306,immenselysleek,0.39316925576636086,0 days 06:50:32,0 days 00:39:54,0.8144298315048217
307,Objective_Shallot387,0.7234320973263046,5 days 01:41:48,0 days 08:41:03,0.4360175281763077
308,d20wilderness,0.629444161115892,0 days 23:50:07,0 days 09:05:00,0.9010287970304489
309,didyoutestityourself,0.7261835581091444,0 days 05:12:11,0 days 03:19:42,0.7641075551509857
310,Bubbly_Ad1718,0.5546650774878368,0 days 05:24:40,0 days 02:16:31,0.687224417924881
311,EmbryonatedX,0.4484691746142705,3 days 05:00:35,0 days 07:13:02,0.5928830355405807
312,OrangeSherbet,0.5804151731258005,0 days 03:55:43,0 days 00:44:45,0.608620822429657
313,UnckyMcF-bomb,0.7160368250390682,0 days 09:09:40,0 days 02:41:37,0.9380332827568054
314,JohnnyFlawless,0.6577406837245907,1 days 16:34:07,12 days 05:31:56,0.7671680867671966
315,FiestaDonkey,0.7629734461623537,13 days 09:08:19,0 days 08:10:55,0.8007628619670868
316,oneonethousandone,0.6828591741890929,0 days 10:58:44,4 days 02:55:02,0.6262415746847788
317,KrahzeefUkhar,0.6142151071448236,0 days 00:14:20,0 days 00:12:19,0.47425219416618347
318,robanthonydon,0.6769620159455377,0 days 12:31:27,0 days 10:10:36,0.7392280399799347
319,ih8t314,0.5031343772330685,0 days 04:35:20,17 days 10:13:30,0.7763285686572393
320,Donahue-Industry,0.5365080712838244,1 days 02:34:25,0 days 01:43:56,0.9096725881099701
321,EveryOptionSucks,0.6344494942527745,0 days 01:39:38,0 days 05:24:45,0.7772297263145447
322,76ersPhan11,0.6865925391839078,0 days 02:48:22,0 days 02:00:36,0.7771174192428589
323,ChogginNurgets,0.7864921526348876,6 days 09:16:57,1 days 16:33:45,0.4644184708595276
324,OH5ODEFIANT,0.6061455358148354,6 days 17:35:23,0 days 11:46:22,0.881989598274231
325,The_Saucy_Dandy,0.5519806061112341,2 days 03:51:28,0 days 08:27:47,0.6427926048636436
326,SeiCalros,0.6848358283698764,0 days 04:01:47,0 days 02:22:22,0.6373989880084991
327,Thick-Asparagus,0.32880699549554404,41 days 19:17:46,3 days 02:24:09,0.530194878578186
328,shaneathan,0.6383236206730126,1 days 18:23:16,0 days 01:22:40,0.6156804040074348
329,skizzm64,0.6737525282687469,0 days 08:56:20,0 days 03:57:04,0.8215265870094299
330,Secondale,0.38076285075501487,5 days 19:15:29,12 days 06:18:55,0.7768662214279175
331,whomad1215,0.47668485591987364,0 days 00:20:24,0 days 00:36:06,0.45387718081474304
332,jbinky26,0.6286443747581599,6 days 07:25:48,0 days 05:08:01,0.9831846058368683
333,BojukaBob,0.5023545989611797,0 days 06:30:21,0 days 09:45:01,0.7636941969394684
334,demonspawns_ghost,0.511856746894717,1 days 10:49:37,0 days 02:37:02,0.6209177523851395
335,lolabuster,0.3396161410123751,0 days 06:02:45,0 days 05:24:13,0.9053457876046499
336,andrewjackson1828,0.7359466338937417,3 days 19:42:11,0 days 04:32:44,0.8954745332400004
337,Nosedivelever,0.5003623579219467,0 days 02:32:04,0 days 00:39:24,0.7700009718537331
338,Craigs_mums_bush,0.5746217846646886,7 days 11:49:21,0 days 05:51:20,0.8467651903629303
339,stuuked,0.6535592291247687,1 days 12:33:38,0 days 07:55:21,0.3984939157962799
340,Sufficient_Card_7302,0.699235179112328,0 days 01:12:32,0 days 07:48:25,0.8086353987455368
341,cobalt1981,0.5647773936943051,0 days 05:02:45,1 days 09:18:19,0.6000904440879822
342,TchoupedNScrewed,0.775482191132741,0 days 01:21:00,0 days 05:22:44,0.848054051399231
343,libretumente,0.39635273993916237,0 days 03:01:03,0 days 07:45:40,0.9334190686543783
344,KardiacAve,0.43778458446480933,1 days 23:30:32,0 days 03:33:04,0.8933504343032836
345,mojavekoyote,0.534915717918725,0 days 03:39:50,0 days 02:08:24,0.8697957396507263
346,Opening-Carpenter840,0.40858975840411227,3 days 04:59:47,0 days 10:59:44,0.3378559648990631
347,Desperate-Magician-4,0.5933265878845018,22 days 14:48:26,38 days 01:10:04,0.9818316251039505
348,coffeeINJECTION,0.5246304648480412,0 days 04:47:41,0 days 04:58:55,0.706049270927906
349,TiberiusGracchi,0.6695098140646037,0 days 00:44:28,0 days 01:15:38,0.9782189726829529
350,anon39316,0.5702200849053347,7 days 21:24:39,11 days 11:29:04,0.8374529182910919
351,lirik89,0.5299344297147445,0 days 01:27:34,0 days 06:44:24,0.5563083291053772
352,NKinCode,0.66957426581627,0 days 08:18:21,1 days 08:09:39,0.6500659982363383
353,CleanFillWanted,0.5832277604976175,1 days 18:20:30,0 days 03:14:48,0.7761697684015546
354,load_all_comments,0.3105494255220481,6 days 07:50:49,0 days 04:24:16,0.7278571873903275
355,Careful_Elk6290,0.5405873226891645,0 days 00:45:43,0 days 00:25:10,0.835289383927981
356,SeiCalros,0.6689637788268673,0 days 03:47:34,0 days 02:20:50,0.41595518589019775
357,AFrankExchangOfViews,0.6591871038231899,0 days 00:32:56,0 days 02:40:06,0.9793719947338104
358,in5seconds,0.6022189613581973,0 days 01:50:22,0 days 00:51:54,0.6680242121219635
359,Daymanic,0.386908092925784,0 days 10:07:47,0 days 06:11:24,0.7879965975880623
360,Secretbackupaccount,0.4242565977606217,0 days 23:19:41,0 days 04:44:04,0.6983528435230255
361,trumpdiego,0.6402527869562594,0 days 18:23:52,0 days 01:53:41,0.7952291412012917
362,Stevo2008,0.6208161637818465,0 days 00:06:24,0 days 01:51:38,0.9399292979921613
363,Jiggy724,0.6075060885154576,2 days 06:02:20,0 days 02:51:53,0.8243401348590851
364,Faptasydosy,0.607853748269736,2 days 17:35:33,0 days 03:38:29,0.8052837401628494
365,Raus-Pazazu,0.8267197513513636,0 days 03:48:18,0 days 05:42:51,0.46974925696849823
366,OmegaOverlords,0.610724541521603,0 days 18:45:13,0 days 07:29:09,0.896987795829773
367,Wrong-Paramedic7489,0.4921552970480321,0 days 09:48:09,0 days 09:35:16,0.7157723208268484
368,tonyg501,0.33738555413240956,5 days 13:58:12,6 days 16:18:01,0.908047080039978
369,AuralHologram,0.35697617463891596,14 days 13:58:03,0 days 05:03:41,0.8046384255091349
370,Iminprisonaswespeak,0.6314913541332229,0 days 05:15:50,0 days 05:53:34,0.8498268127441406
371,Im_ready_hbu,0.4734959324852362,0 days 05:15:45,0 days 02:08:44,0.7531923353672028
372,dukefett,0.6847503216355344,0 days 08:25:33,0 days 08:00:18,0.9548237919807434
373,H2OMGosh,0.7595253350004634,4 days 05:07:36,0 days 22:34:12,0.7668932576974233
374,zagati,0.4743569144476114,1 days 07:03:11,0 days 04:52:41,0.6466208100318909
375,dancing_in_lesb_bar,0.703454416463034,0 days 07:47:29,0 days 02:26:33,0.8266529321670533
376,SortedChaos,0.6809533106813802,0 days 08:09:26,0 days 03:05:36,0.8008564710617065
377,Purple_oyster,0.575668197186879,0 days 01:18:15,0 days 05:17:18,0.8301078081130981
378,hootorama,0.611199255692713,0 days 20:09:32,75 days 01:14:06,0.6948601365089416
379,ezdblonded,0.4228348032987357,0 days 14:38:33,24 days 17:07:22,0.7377582490444183
380,dvlali,0.6356552826230825,0 days 15:35:01,0 days 09:26:41,0.6974050551652908
381,TheRealRatBastard,0.35765191242755545,1 days 15:01:05,0 days 02:23:52,0.9232061207294464
382,Equivalent-Outside15,0.4735610330863883,0 days 00:19:33,0 days 04:35:34,0.4363996386528015
383,BinyaminDelta,0.5750360450958643,0 days 06:12:33,0 days 06:22:47,0.3187543451786041
384,JohnnyFlawless,0.6577406837245907,1 days 16:34:07,12 days 05:31:56,0.7671680867671966
385,Candymanshook,0.6286456113892799,0 days 00:13:10,0 days 00:54:27,0.7728941887617111
386,clownind,0.5969213268477539,0 days 03:54:04,1 days 00:24:41,0.5920070211092631
387,Enough-Ad1242,0.5781326027846578,3 days 20:06:48,0 days 08:38:18,0.8973687236959283
388,editfate,0.723387776509592,0 days 05:36:04,0 days 03:06:43,0.6551562249660492
389,CovidEnema,0.5097373609082159,1 days 13:45:07,0 days 10:49:33,0.8378531336784363
390,brelkor,0.6461108251012534,1 days 02:26:50,0 days 04:12:43,0.49720677733421326
391,Haunebu52,0.4343589423582248,0 days 05:50:01,0 days 04:36:33,0.7323943376541138
392,CosmicMiru,0.7527617707177696,0 days 03:36:15,0 days 02:00:05,0.8193057080109915
393,judokalinker,0.45358574553123115,0 days 03:00:45,0 days 01:26:40,0.9817485213279724
394,pringlescan5,0.7048085432549955,0 days 04:12:56,0 days 03:34:04,0.8913771212100983
395,SalvageRabbit,0.5243541547787774,0 days 00:18:38,0 days 00:24:09,0.9819989204406738
396,Kami-no-dansei,0.49361967104804205,0 days 16:50:55,0 days 04:16:12,0.9357023040453593
397,immenselysleek,0.3704540142674978,0 days 06:53:13,0 days 00:40:28,0.8144298315048217
398,Sourkarate,0.4070124070464254,0 days 09:58:08,0 days 01:48:24,0.6959870755672455
399,hambonze,0.46973231116487335,2 days 19:41:27,0 days 05:42:39,0.6936290860176086
400,donuts4lunch,0.528574182164907,0 days 20:48:59,0 days 09:08:27,0.7854609489440918
401,MrEktidd,0.4512489078380106,1 days 06:00:56,1 days 13:51:31,0.5393700003623962
402,oenomausprime,0.6410568340781102,0 days 06:52:04,0 days 04:41:50,0.7742598141942706
403,im_nervousss,0.4935490537859565,1 days 07:02:47,0 days 06:56:18,0.9046993851661682
404,missec93,0.6432641674139555,7 days 05:30:04,0 days 20:27:10,0.5859707295894623
405,Particular-Can-8283,0.3529013857799065,2 days 11:23:28,3 days 03:26:33,0.585368737578392
406,NPCazzkicker,0.4211177306006911,5 days 23:25:19,0 days 08:03:14,0.45088431239128113
407,BlisssfulHoney111,0.3086939879213662,0 days 00:30:11,0 days 04:49:05,0.5348562002182007
408,StupidPockets,0.6304179247462786,0 days 03:35:41,0 days 06:06:13,0.8308361222346624
409,ModsaBITCH,0.5191798646551368,0 days 04:32:14,0 days 03:21:04,0.6523641347885132
410,vladivan,0.46833558105823136,0 days 01:34:52,0 days 10:52:00,0.6088448166847229
411,SeanSeanySean,0.741268967925775,0 days 00:52:31,0 days 03:55:48,0.7898571235792977
412,yutarson,0.693195650806252,1 days 02:24:24,0 days 06:49:04,0.7357418735822042
413,FirstRedditAcount,0.6392159020605422,0 days 07:00:11,5 days 01:10:43,0.7407063160623822
414,JohnnyFlawless,0.6577406837245907,1 days 16:34:07,12 days 05:31:56,0.7671680867671966
415,naturalbornkillerz,0.3132439634456394,0 days 11:47:34,0 days 04:00:48,0.5377438515424728
416,KITAPS20,0.48555401763779354,0 days 04:52:33,0 days 05:59:27,0.7200133427977562
417,mrforrest,0.5951940578677273,3 days 04:24:42,0 days 04:44:21,0.7957621514797211
418,4timesthesteak,0.459702245486594,0 days 01:21:02,0 days 02:23:54,0.9401068836450577
419,sockbref,0.30643525170484326,0 days 15:11:50,0 days 03:54:52,0.8424757957458496
420,azazelthegoat,0.5529050437232488,5 days 17:47:06,0 days 10:20:15,0.5407654643058777
421,DarthVadersButler,0.6597758011228738,3 days 09:51:07,0 days 01:41:43,0.9798839489618937
422,muskatt,0.4711709687704995,5 days 07:29:40,0 days 04:48:48,0.5978022615114847
423,KinkyProjectManager,0.61179441127115,3 days 23:53:40,0 days 02:15:02,0.8164779245853424
