,username,comment_karma,submission_karma,karma_ratio,avg_comment_similarity,avg_toxicity,avg_reply_speed,avg_comment_time_interval
0,GrandMink,600,816,0.7353,0.663182952,0.10410671,0 days 00:05:08,2 days 03:54:57
1,Independent_Day7209,212,5200,0.0408,0.388920433,0.029127397,0 days 00:21:39,0 days 08:07:21
2,WarmBicycle8961,5,1,5,0.514269969,0.292614936,0 days 02:08:21,48 days 14:34:49
3,Flimsy-Insurance-978,102,1,102,0.335880822,0.106026864,0 days 03:30:24,0 days 00:00:37
4,Markjug67,3,1,3,0.389102775,0.008184216,0 days 04:10:41,0 days 00:19:51
5,Excellenepperg,48,1,48,0.526995977,0.003283268,0 days 03:43:55,0 days 00:00:27
6,Adventurouenu,19,1,19,0.341576636,0.189303848,0 days 03:27:20,0 days 00:00:27
7,Accordinobfc,39,1,39,0.472281164,0.018311474,0 days 03:09:32,0 days 00:00:32
8,Negativhampiona,201,2147,0.0936,0.223282412,0.043080032,0 days 00:05:43,0 days 01:50:58
9,vedor65384,55,3463,0.0159,0.318304317,0.039348401,0 days 00:08:30,0 days 04:15:46
10,DiligentlyLarge,203,635,0.3197,0.358864009,0.002839072,0 days 23:25:34,0 days 00:00:09
11,Expensive-Cap-6341,0,1,0,0.39563805,0.132569057,0 days 14:56:27,0 days 00:25:44
12,piantavc,97,1378,0.0704,0.390081373,0.020454342,0 days 00:39:04,8 days 09:57:24
13,ArshIvanna,0,1,0,0.570292171,0.000921105,0 days 10:32:45,0 days 00:28:01
14,Yellowappl,10,1,10,0.560041645,0.168131043,0 days 02:13:59,0 days 00:00:21
15,Low-Cabinet6980,66,1,66,0.457429221,0.16632277,0 days 06:10:11,0 days 00:00:42
16,uprightfascism_87,7,3461,0.002,0.450474775,0.043095704,0 days 00:03:47,0 days 17:22:38
17,polpinka,21,1,21,0.301694074,0.071561288,0 days 04:56:24,0 days 00:00:42
18,whereabouts84,78,1,78,0.576332628,0.04171151,0 days 03:41:32,0 days 00:00:36
19,Beautifedgehog,4,1,4,0.22162499,0.075098228,0 days 00:27:50,8 days 20:31:27
20,Dsowsy41,68,1,68,0.324039051,0.33566598,0 days 00:19:01,6 days 16:45:23
21,VacantDossier,37,1,37,0.348468548,0.376990651,0 days 06:51:35,0 days 00:00:18
22,Frifkijud9,-6,1,-6,0.638235565,0.248953802,0 days 01:07:25,0 days 00:00:17
23,Fearleensionbh,17,1,17,0.533415419,0.010197974,0 days 02:29:46,0 days 00:00:52
24,outcasterajidae768,386396,8113,47.6268,0.641765792,0.241839522,0 days 03:30:28,0 days 02:59:05
25,webtechiez,19,1,19,0.630863486,0.003820947,0 days 01:16:14,0 days 00:34:54
26,Apartexalt698,21,1,21,0.506666176,0.103364235,0 days 02:56:54,0 days 00:00:19
27,AgePsycholog,50,61,0.8197,0.426152877,0.250878223,0 days 00:15:30,4 days 06:52:43
28,South_Tensio,51,1,51,0.385587193,0.007307281,0 days 01:32:46,0 days 00:00:24
29,Independentfdy,6,214,0.028,0.76285289,0.00062568,0 days 00:26:44,0 days 00:10:23
30,SenorBeef,40,32,1.25,0.419869013,0.005637969,0 days 00:20:28,7 days 07:11:54
31,Aggressive_Finger579,11,1,11,0.321196538,0.227636021,0 days 09:54:30,0 days 00:00:26
32,Downtowarkb,50,1,50,0.196079564,0.070819866,0 days 12:17:24,0 days 00:00:14
33,xansochi,294,1,294,0.520197035,0.001150634,0 days 02:16:11,0 days 00:00:24
34,Backgroundbv,-15,1,-15,0.198609058,0.399453504,0 days 04:15:20,0 days 00:00:14
35,MixedRapidity,15,1,15,0.410173306,0.091629458,0 days 00:34:05,0 days 17:35:04
36,mynkamerve,30,222,0.1351,0.342458696,0.112804788,0 days 00:28:48,5 days 12:08:00
37,legoholamoo,208,310,0.671,0.590814236,0.233793178,0 days 00:40:06,1 days 19:09:21
38,cuspiafc,2,1,2,0.157661907,0.000948545,0 days 13:19:19,0 days 00:00:16
39,kakashi4ok,9,1,9,0.23617757,0.000974441,0 days 04:33:49,0 days 00:01:32
40,thierryleblanyi,158,1,158,0.553171024,0.155111529,0 days 07:16:06,0 days 00:00:56
41,Fhaingsk,108,6229,0.0173,0.703641952,0.334093631,0 days 00:15:43,13 days 12:42:35
42,Barbecx,3,1,3,0.415796975,0.005295812,0 days 00:16:35,1 days 05:51:37
43,Lakapparygd,33,115,0.287,0.410285579,0.002281137,0 days 00:16:11,4 days 00:02:49
44,UpstateAlight72,3,1,3,0.020410432,0.064627259,0 days 01:51:34,0 days 00:28:27
45,chitatsjy,13,842,0.0154,0.56383525,0.001634141,1 days 17:14:49,0 days 01:56:47
46,conkeysoundhq,48,1444,0.0332,0.390431242,0.001344267,1 days 12:25:36,0 days 03:15:24
47,FickleEntrepreneu,18,1,18,0.433214914,0.025042711,0 days 02:36:37,0 days 00:00:35
48,Automatic_Suc,-23,1,-23,0.571927394,0.21050066,0 days 08:53:00,0 days 00:00:19
49,Unhapolasvgf,12,1,12,0.738361952,0.014713883,0 days 02:29:32,0 days 18:05:19
50,kubafundipd,421,1,421,0.598978548,0.007740465,0 days 01:38:08,0 days 01:08:16
51,fondsbrilhz,4,1,4,0.580558655,0.007577647,0 days 14:50:16,0 days 00:00:15
52,IvaSwinton,118,1,118,0.709992765,0.036128893,2 days 23:35:27,12 days 09:59:01
53,CryptoColon,24,1,24,0.462486431,0.158853098,0 days 04:53:38,0 days 00:00:49
54,Mysterious_Fer,21,1,21,0.223685707,0.01922399,0 days 09:40:27,0 days 00:00:22
55,HistoricalAm,0,1,0,0.623602294,0.283510839,0 days 02:20:44,0 days 00:00:51
56,No-Education-4082,59,1,59,0.365432008,0.162323433,0 days 03:52:00,0 days 00:00:24
57,ElliotDictator,5,1,5,0.688298396,0.251731205,0 days 01:50:34,15 days 22:27:37
58,Individual_Drink162,22,1,22,0.217794152,0.197356219,0 days 07:09:55,0 days 00:00:31
59,illitsPoordrr,127,1,127,0.682501989,0.235025579,0 days 03:46:52,0 days 14:06:50
60,tominogrt,23,36,0.6389,0.560821337,0.04865618,0 days 00:13:43,23 days 04:25:40
61,usadilozz,45,587,0.0767,0.360324191,0.000705077,0 days 00:00:54,0 days 00:48:03
62,bakezillapk,16,648,0.0247,0.393314833,0.09501391,0 days 00:53:07,165 days 11:47:08
63,vossejarhe,7,1,7,0.597116322,0.025158131,0 days 01:38:14,0 days 00:00:42
64,tropotbw,127,1,127,0.502971881,0.113279557,0 days 03:42:57,0 days 00:00:30
65,mioasislq,-3,1,-3,0.445670297,0.072240213,0 days 08:08:52,0 days 00:00:25
66,dapaulasafh,59,1,59,0.536807668,0.10068555,0 days 04:56:24,0 days 00:00:21
67,jarbythedoorkh,-33,1,-33,0.498893017,0.248236199,0 days 01:49:57,0 days 00:00:35
68,acicarronb,92,1,92,0.614888132,0.018011,0 days 06:42:25,0 days 00:00:22
69,vatinukasgh,14,1,14,0.63875462,0.09366851,0 days 05:55:51,0 days 00:01:09
70,cosmicdancersjk,2,1,2,0.503717245,0.15817764,0 days 02:29:29,0 days 00:01:01
71,e2r3a3kukys,65,1,65,0.56769663,0.259333428,0 days 02:37:56,0 days 00:01:06
72,1glasib,0,1,0,0.486748604,0.146613333,0 days 01:11:50,0 days 00:30:08
73,w8229549,-3,1,-3,0.270916241,0.001056285,0 days 01:11:24,0 days 00:29:59
74,outrightfoal480,3,1,3,0,0.06151515,0 days 01:12:04,0 days 00:32:19
75,Horror_Constan,3,1,3,0.554180644,0.04593887,0 days 05:30:56,0 days 00:00:16
76,Typicalecovergd,-4,1,-4,0.616523366,0.244995964,0 days 01:43:19,0 days 00:01:07
77,CommercialClient51,15,1,15,0.455091915,0.227118331,0 days 04:49:40,0 days 00:00:22
78,moidwayinfonixc,-8,1,-8,0.578895741,0.062159301,0 days 11:47:43,0 days 00:00:16
79,pc29lo,10,1,10,0.443280146,0.06416026,0 days 07:10:11,0 days 00:00:20
80,ntyriminger,1,1,1,-0.012195796,0.009959643,0 days 01:32:47,0 days 00:33:21
81,initialshuffler,1,1,1,0.447320634,0.007077242,0 days 10:34:25,0 days 00:00:20
82,Suitable-Method3245,58,45,1.2889,0.63873191,0.070321019,0 days 03:59:10,0 days 04:20:08
83,NulkStomomocg,2,1,2,0.498005126,0.453800851,0 days 00:22:38,0 days 00:27:56
84,Subartaspz,8,1,8,0.759198257,0.011729622,0 days 03:37:26,0 days 18:04:11
85,Acceptable_Roun,3,1,3,0.31876517,0.447079635,0 days 00:25:39,0 days 00:27:49
86,EmbarrassedCoun,27,1,27,0.519157571,0.197670239,0 days 07:11:42,0 days 00:00:24
87,Andresallison99,-5,1,-5,0.504100657,0.177693197,0 days 04:30:56,0 days 00:00:30
88,Zealousideal_Gas3218,2,1,2,0.444842799,0.000823206,0 days 09:36:26,0 days 00:00:19
89,Glass_Injury_6374,10,1,10,0.376105145,0.001019099,0 days 07:01:41,0 days 00:00:18
90,SurroundRealistic354,0,1,0,0.42755702,0.000909242,0 days 10:34:42,0 days 00:00:21
91,NetGroundbreakin,87,1,87,0.517281383,0.054336076,0 days 05:42:06,0 days 00:00:20
92,thenewjordy,23,1,23,0.655033457,0.089010654,0 days 07:44:46,0 days 00:00:40
93,Painarou53,17,1,17,0.432653226,0.083936305,0 days 07:24:46,0 days 00:00:21
94,UnitedConferenc,210,15,14,0.229210203,0.011312698,0 days 11:45:41,0 days 00:00:10
95,WinterDefian,138,1,138,0.491766791,0.0139559,0 days 11:08:54,0 days 00:00:17
96,StatusCauliflo,4,1,4,-0.121000854,0.00165979,0 days 01:21:04,0 days 00:27:42
97,onlypersuade963,21,1,21,0.510142409,0.05997466,0 days 04:32:02,0 days 00:00:24
98,DegreeElectric,4,1,4,0.620247641,0.352977251,0 days 11:30:21,0 days 00:00:15
99,Rickeygraves,2,1,2,0.619658331,0.20349072,0 days 03:44:04,0 days 00:56:20
100,yaoyanke,120,448,0.2679,0.36615817,0.046910866,2 days 14:59:19,46 days 09:07:15
101,JitteryFriendliness,9,1,9,0.666267935,0.19026086,0 days 07:40:23,0 days 00:01:02
102,racialacreage,61,1,61,0.322033733,0.13382873,0 days 00:49:26,6 days 22:50:39
103,Jumpy_Conflict,2,1,2,0.639346236,0.217281994,0 days 10:02:45,0 days 00:00:16
104,Fabulous-Row-7186,30,1,30,0.700193011,0.001067299,0 days 00:28:02,6 days 00:45:36
105,Combinatioughg,196,59,3.322,0.225070271,0.026001342,0 days 13:57:06,0 days 00:00:15
106,Spirituaxampl,77,1,77,0.503802163,0.125609811,0 days 02:27:17,0 days 00:09:04
107,NeitherLobste,113,1,113,0.672789422,0.28768891,0 days 06:19:51,0 days 00:00:24
108,Extension_Eas,118,1,118,0.642516317,0.078003051,0 days 10:55:16,0 days 00:00:47
109,OwnCantaloup,51,1,51,0.581028688,0.133961527,0 days 02:52:49,0 days 00:00:23
110,Speciranslatohj,27,20,1.35,0.502690965,0.005632967,0 days 00:20:02,7 days 23:22:59
111,StraightFoundatio,187,50,3.74,0.503641705,0.252400405,0 days 00:10:16,8 days 17:33:18
112,ArmadilloCraft,1,1,1,0.677259654,0.035044154,0 days 07:12:27,0 days 00:00:54
113,AnyNefariousness9050,-35,1,-35,0.457272163,0.086333802,0 days 03:54:54,0 days 00:26:20
114,NorthMasterpie,546,1,546,0.667694142,0.076284477,0 days 18:49:22,6 days 08:19:07
115,Strict_Air2789,165,1,165,0.565942031,0.074379377,0 days 13:52:36,12 days 07:55:36
116,StarryJenny,21,1262,0.0166,0.590472055,0.020984015,0 days 00:21:51,3 days 23:50:29
117,Visual-Cake7783,15,1,15,0.574106605,0.09988434,0 days 01:20:26,0 days 00:35:30
118,Abject-Benefit-1784,57,1,57,0.467512978,0.003836471,0 days 02:30:35,0 days 00:00:48
119,Low-Smoke-5995,416,1,416,0.603035516,0.098425754,0 days 03:46:26,0 days 00:00:16
120,CucumberGlobal3955,552,1,552,0.580206506,0.073774995,0 days 05:00:23,0 days 00:00:45
121,Unhappy_Conclusio,22,1,22,0.490057514,0.073892953,0 days 04:37:56,0 days 00:55:46
122,CorrectCategor,24,1,24,0.494425828,0.218634942,0 days 03:46:34,0 days 00:00:26
123,Strict_Pangoli,55,154,0.3571,0.524180425,0.028423916,0 days 00:21:01,8 days 22:36:58
124,Dismal_Confusio,349,25,13.96,0.574690295,0.136536922,0 days 00:15:11,8 days 12:13:37
125,ObligationDea,41,4983,0.0082,0.557323725,0.106993606,0 days 00:28:29,6 days 15:03:16
126,NegativeUse365,37,1,37,0.47353087,0.001123782,0 days 00:13:59,3 days 17:16:57
127,ProfessionalWaltz818,62,1,62,0.649861258,0.089762628,0 days 06:36:26,0 days 00:00:32
128,Western_Decisio,65,1,65,0.620694663,0.149400741,0 days 06:21:18,0 days 00:00:38
129,waddyaknow8873,1,1,1,0.397214144,0.001196351,6 days 01:16:46,13 days 18:00:42
130,Aromatic_Recording25,7,1,7,0,0.525638402,0 days 00:17:49,4 days 05:20:23
131,EduardoShelton,110,1,110,0.510143113,0.198122627,0 days 05:54:50,0 days 00:00:36
132,Flat_Gazelle_9684,132,1,132,0.544307819,0.040054836,0 days 06:48:28,0 days 00:12:58
133,LoadComprehensiv,10,1,10,0.556232109,0.002323423,0 days 03:33:09,0 days 00:00:28
134,Western_Beautifu,41,1,41,0.610800409,0.084780815,0 days 05:18:00,0 days 00:00:32
135,Vegetable_Maximu,32,1,32,0.420892406,0.046700775,0 days 05:59:13,0 days 00:07:05
136,Top_Bumblebe,60,1,60,0.399881038,0.014297474,0 days 05:36:17,0 days 00:00:13
137,Junior_Masterpie,0,1,0,0.578602957,0.016878492,0 days 03:35:11,0 days 00:01:54
138,One_Opportunit,17,30254,0.0006,0.476394452,0.056814837,0 days 13:42:09,2 days 16:53:28
139,Initial_Signatur,228,1,228,0.405022764,0.192290627,0 days 06:12:10,0 days 00:00:36
140,SpotPuzzleheade,0,1,0,0.683214356,0.43039306,0 days 00:57:00,0 days 00:36:32
141,Rusniokqk,0,1,0,0.136579931,0.188299672,0 days 00:21:22,4 days 10:43:24
142,IntelligentAppea,22,85,0.2588,0.49456798,0.002846487,0 days 00:37:16,6 days 18:41:14
143,Awkward_Anywhere_386,9,1,9,0.493335565,0.193860932,0 days 04:16:48,0 days 00:23:52
144,RelationMedi,201,2,100.5,0.160679463,0.040570109,0 days 09:17:06,3 days 07:52:25
145,Economy_Members,5,421,0.0119,0.266016298,0.008224549,0 days 00:35:00,0 days 05:42:59
146,SmartWishbone8388,3,521,0.0058,0.40567313,0.074581051,0 days 00:19:59,0 days 00:07:26
147,AdventurousAir7321,33,1,33,0.42499439,0.007084905,0 days 02:48:33,0 days 00:25:47
148,stevenoner,208,1328,0.1566,0.346810068,0.003882738,0 days 13:22:18,0 days 00:00:08
149,CommercialDark4312,81,216,0.375,0.344767459,0.000816485,1 days 08:41:44,0 days 00:00:07
150,CutBoethius,125,4256,0.0294,0.495938984,0.224881669,0 days 19:29:51,0 days 00:17:22
151,DeliciousSaving,161,1031,0.1562,0.506963027,0.000776973,1 days 19:32:09,0 days 00:00:07
152,Pitchedcybele539,87,131,0.6641,0.301839102,0.002370122,0 days 09:54:21,0 days 00:00:05
153,mexicosk,184,10,18.4,0.613803721,0.000809772,5 days 08:10:52,0 days 00:00:06
154,Nookeepergam,223,38,5.8684,0.415366569,0.001096432,0 days 14:17:20,0 days 00:00:08
155,EconomicsLumpy9085,32,1,32,0.735351261,0.402359769,0 days 03:12:47,0 days 00:00:46
156,ImpossibleResort833,30,1,30,0.590523141,0.12792029,0 days 06:16:36,0 days 00:00:45
157,Outrageooffeeh,101,1,101,0.495782369,0.048715586,0 days 04:06:30,0 days 00:00:41
158,Dressdodger,20,1,20,0.650360333,0.001067971,0 days 09:13:57,0 days 00:01:35
159,Sewedvega985,430,1,430,0.640437993,0.039789506,0 days 05:48:20,0 days 00:00:49
160,Oneiros74,-4,1,-4,0.519892365,0.100872952,0 days 05:08:29,0 days 00:00:48
161,SubstantialFrame3364,1,1,1,0.601538336,0.5445951,0 days 00:11:44,1 days 00:10:10
162,Frostyndividuafg,32,1451,0.0221,0.450552631,0.207900404,0 days 00:40:48,5 days 08:26:55
163,jachary1,6,1,6,0.712211294,0.028582311,0 days 05:35:04,0 days 00:03:57
164,Kuzn67,2,1,2,0.693785444,0.305308326,0 days 01:52:20,0 days 00:00:35
165,dimlypamper,670,1,670,0.331924046,0.014273678,0 days 04:12:06,0 days 00:00:28
166,Successful-Win-7772,11,1,11,0.491306801,0.025264474,0 days 08:04:26,0 days 00:00:23
167,Emplolternatif,28,1,28,0.581030211,0.018819494,0 days 07:58:32,0 days 00:00:39
168,ExpressResource2463,18,1,18,0.535294971,0.314752818,0 days 06:11:33,0 days 00:00:45
169,Particularcghjds,77,1,77,0.561625222,0.016776137,0 days 06:55:23,0 days 00:01:39
170,OkIndepend,28,1,28,0.614137093,0.497637798,0 days 00:44:54,0 days 06:13:00
171,GeologistDesigner217,27,612,0.0441,0.558522998,0.39317877,0 days 00:40:02,0 days 03:36:29
172,Somescription,73,1,73,0.305789717,0.268381657,0 days 03:05:58,0 days 00:25:37
173,NoManbhgvf,15,1,15,0.207761938,0.077214194,0 days 03:05:24,0 days 00:36:52
174,Washedvoyage65,-12,1,-12,0.542468614,0.086956652,0 days 04:34:41,0 days 00:08:51
175,Abnormalharrison87,110,983,0.1119,0.339258935,0.040395537,0 days 00:26:59,3 days 21:57:57
176,poli1232233,3295,1,3295,0.396946114,0.581355197,0 days 02:38:56,0 days 01:00:29
177,tristang4,37,1,37,0.417329155,0.002284196,0 days 00:52:06,0 days 00:00:10
178,Responsiblakf,648,1,648,0.42926449,0.381995215,0 days 00:36:38,0 days 02:21:42
179,strictlygird93,77,3160,0.0244,0.636802319,0.02073711,0 days 01:04:52,1 days 01:44:18
180,AvailableWest1052,67,1,67,0.5201937,0.017352023,0 days 04:44:34,0 days 23:10:00
181,FastVeterinarian591,-20,1,-20,0.4783114,0.00397535,0 days 00:46:27,0 days 00:00:12
182,freemarketingbrowser,19,1,19,0.382765176,0.155589147,0 days 00:18:29,0 days 07:09:38
183,inclinedmanpad78,5,29,0.1724,0.820485906,0.114922196,0 days 00:15:59,0 days 00:11:14
184,Basilternative,1,3,0.3333,0.873062061,0.02881147,0 days 00:20:57,0 days 00:11:36
185,Psychologicoofgju,7,135,0.0519,0.443785353,0.002248598,0 days 00:16:50,0 days 00:11:16
186,Explanationfhcx,450,1,450,0.632691622,0.200950973,0 days 03:18:53,0 days 00:02:28
187,SubjectDiscipline10,57,1,57,0.557077679,0.002568941,0 days 00:17:10,0 days 00:44:48
188,Anyngineeringfd,10,1,10,0.358886004,0.249334194,0 days 02:22:05,0 days 00:00:39
189,Ablnvestigator,-54,1,-54,0.291434385,0.267665513,0 days 01:09:28,0 days 00:00:12
190,Individualfsxd,21,3,7,0.416799275,0.186531119,0 days 00:14:01,6 days 07:48:50
191,Flasbilgi,24,1,24,0.439580335,0.000755543,0 days 00:22:04,2 days 23:37:38
192,Antiqurangehkg,8,1,8,0.612846054,0.241599196,0 days 00:37:24,0 days 16:27:30
193,Zealousideetgui,27,36,0.75,0.409838128,0.217085988,0 days 00:17:39,4 days 14:48:01
194,TopAdministrative981,-13,1,-13,0.689150681,0.061975667,0 days 00:59:54,0 days 00:34:34
195,Easy_Specialist_1879,112,1,112,0.321917613,0.046794227,0 days 05:33:53,0 days 00:00:45
196,ElegantJar,34,1,34,0.458781956,0.001038271,1 days 23:10:52,0 days 00:00:55
197,Menningerfelixv6h,33,320,0.1031,0.431202205,0.033336604,0 days 00:16:22,10 days 01:00:24
198,unsoundAudile,831,92,9.0326,0.217217473,0.187758346,0 days 00:12:05,9 days 05:34:51
199,goldmanic,27,1,27,0.305793793,0.125449529,0 days 13:15:49,0 days 00:29:32
200,KentonSalinas,37,1,37,0.456038275,0.010740074,0 days 14:39:48,0 days 00:08:45
201,HeavyLingonberry644,58,1,58,0.482384286,0.000892102,0 days 08:30:29,0 days 00:00:06
202,YahyaKemalTR,115,19,6.0526,0.326650596,0.00152191,1 days 08:29:21,0 days 00:00:07
203,TightlyBatty,76,1550,0.049,0.488603632,0.000670824,1 days 07:14:40,0 days 00:00:07
204,ActuallyHarebrained,60,1,60,0.465345121,0.000793415,0 days 12:57:46,0 days 00:00:08
205,PatreciaSingsen4547,49,1,49,0.417840101,0.000731711,0 days 12:46:00,0 days 00:00:07
206,RideReasonable3737,24,2989,0.008,0.421288253,0.000720145,1 days 13:56:10,0 days 00:00:12
207,luvende,108,1867,0.0578,0.427544257,0.0674121,1 days 19:56:51,3 days 11:35:33
208,Josselynok,83,1,83,0.426674163,0.000836278,6 days 04:52:48,0 days 00:00:06
209,Grundyug,65,1,65,0.35331442,0.000731328,0 days 14:12:09,0 days 00:00:18
210,Spoorlelejf,105,1993,0.0527,0.429496212,0.017205603,2 days 00:21:46,0 days 00:00:07
211,RichardCooka,133,930,0.143,0.323051585,0.000804665,0 days 18:39:31,0 days 00:00:08
212,Liblarlr,0,1,0,0.506238537,0.000716707,0 days 09:31:42,0 days 00:11:41
213,Marinistvh,40,1,40,0.595938259,0.005591844,0 days 05:48:34,0 days 00:00:08
214,MinimumSituation374,136,71,1.9155,0.235865387,0.005920533,0 days 21:01:19,0 days 00:03:48
215,ExpressCup5629,149,41,3.6341,0.310999315,0.008700733,0 days 08:35:04,0 days 00:05:21
216,CarefulLanguage1840,806,6,134.3333,0.339541693,0.329977924,0 days 00:14:57,15 days 12:24:14
217,PlasticSeveral2784,-1,1,-1,0.381490734,0.051254389,0 days 08:33:18,0 days 00:00:36
218,DiamondSevere2781,74,518,0.1429,0.622329491,0.000720633,0 days 05:19:28,2 days 06:44:46
219,TrainingSignal2716,-6,1,-6,0.293920109,0.015800299,0 days 06:32:15,0 days 02:36:26
220,Visibleixl,81,59,1.3729,0.45002317,0.212406189,0 days 01:39:24,0 days 00:00:44
221,Upfieldpaperboy,39,4,9.75,0.300388918,0.040653503,0 days 01:15:03,0 days 03:11:19
222,cleverlyMarch,72,16,4.5,0.238115697,0.213297195,0 days 01:51:54,0 days 01:30:47
223,wrathfulvulnerable,-1,1,-1,0.642596818,0.337582391,0 days 01:44:04,0 days 00:00:45
224,SpiritualPhone3015,13,1,13,0.179447377,0.425711441,0 days 10:33:42,53 days 06:51:26
225,NeitherIngenuity912,160,1,160,0.461890327,0.132597539,0 days 02:04:18,0 days 00:00:27
226,IntelligentLuck817,30,3,10,0.433560134,0.392318638,0 days 00:17:56,8 days 08:16:16
227,OpenStatistician514,24,1,24,0.607912246,0.060123763,0 days 01:14:34,0 days 00:00:17
228,MoreGiraffe7619,-6,1,-6,0.06396961,0.048835306,0 days 00:29:10,0 days 00:27:25
229,GladlyInternal,193,1329,0.1452,0.436192787,0.154434813,0 days 00:30:40,6 days 02:46:27
230,FickleLetterhead4433,142,21,6.7619,0.747341094,0.132989241,0 days 16:12:47,0 days 19:50:38
231,ThinkTonight7245,21,1,21,0.62688021,0.003550501,0 days 21:04:28,0 days 00:00:56
232,Advanceddfre,7,1,7,0.353022323,0.002033063,0 days 06:02:11,0 days 00:00:38
233,OneInternational584,73,10,7.3,0.385681783,0.118206794,0 days 02:17:33,0 days 00:00:31
234,FavoriteLodging,2,1,2,0.175620763,0.219950482,0 days 02:22:10,0 days 18:05:12
235,SuspiciousArmy3428,199,1,199,0.445086906,0.004678103,0 days 00:31:23,0 days 13:00:51
236,PossibleType7772,3,1,3,0.406155372,0.123638733,0 days 03:42:07,0 days 01:48:09
237,AdditionalGap-3003,-2,1,-2,0.552185467,0.001189456,0 days 00:28:45,0 days 00:00:33
238,AromaticForce3395,0,3,0,0.302129051,0.063374491,4 days 08:23:53,0 days 01:42:38
239,Lompje,2,1,2,0.614178001,0.007433156,0 days 00:36:00,0 days 06:13:45
240,ScarletCroft,5,1,5,0.703205056,0.17159059,0 days 03:42:58,0 days 11:08:26
241,Additional-Hunt-432,2,1,2,0.125052559,0.002817075,0 days 00:48:31,0 days 16:24:46
242,Brilliant-Square2595,37,14,2.6429,0.313298649,0.276030543,0 days 01:58:38,0 days 02:56:27
243,Chance_Reactio,10,1,10,0.46462749,0.0011419,0 days 02:56:48,0 days 18:05:57
244,Flimmunk,185,9,20.5556,0.53717591,0.25587671,0 days 06:58:35,0 days 00:00:51
245,Sad-Midnight4991,38,2,19,0.240255076,0.000702039,0 days 00:20:12,0 days 11:00:34
246,Seharacterhyi,3,1,3,0.629955661,0.033702038,0 days 00:24:38,0 days 00:30:22
247,Boring_Platyp,117,1,117,0.272511311,0.009058504,0 days 03:18:20,0 days 00:01:32
248,LegitimateMonitor654,226,1,226,0.726590323,0.330134737,0 days 00:54:24,0 days 04:34:00
249,AngeliaStern,-100,1,-100,0,0.114858218,0 days 01:35:17,0 days 06:30:00
250,PointGigs,0,663,0,-0.093255722,0.00173621,0 days 02:06:06,216 days 06:25:39
251,ViolentlyFluttering,1,6,0.1667,0.356090954,0.004215212,0 days 17:02:37,29 days 20:25:54
252,Just_Calligraph,-6,366,-0.0164,0.273875976,0.066595464,0 days 03:37:43,0 days 01:13:32
253,DryEye8241,1,84,0.0119,0.793557872,0.06938904,0 days 02:15:46,0 days 06:51:05
254,BusEvening1885,0,2,0,0.031160733,0.140434615,0 days 00:06:01,13 days 05:59:50
255,LividCulprit,-3,1,-3,0.514502403,0.001116956,0 days 03:13:34,0 days 00:00:54
256,GiuseppeFedor,337,23,14.6522,0.557244469,0.026876144,0 days 02:01:53,0 days 00:01:09
257,KaputVictory,149,8,18.625,0.433263869,0.080339482,0 days 02:44:05,0 days 02:47:02
258,WeeklyApologise,-7,1,-7,0.538527145,0.155772818,0 days 04:06:55,0 days 00:01:40
259,EntrepreneurU,8327,2169,3.8391,0.698240923,0.02763423,0 days 03:42:52,18 days 03:49:35
260,Zealousideal_Hat6306,3,1,3,0.394953777,0.05461833,0 days 02:08:29,0 days 02:09:56
261,LeadingFox270,34,1,34,0.342717669,0.009929125,0 days 03:05:02,0 days 02:00:18
262,sitixa1763,22,1,22,0.612205531,0.232364534,46 days 00:49:51,1 days 11:13:14
263,DifficultGazell,77,1,77,0.372006954,0.101964184,0 days 02:17:31,0 days 03:16:31
264,ProfessionalLife3641,44,41,1.0732,0.497135303,0.067137466,0 days 03:35:00,0 days 01:49:32
265,Nssumptiogk,91,6572,0.0138,0.123860381,0.107041866,282 days 14:21:40,0 days 09:20:52
266,fortor_1,34,20,1.7,0.293480896,0.067562986,0 days 00:38:58,8 days 03:01:10
267,abyichan,4,1,4,0.157866578,0.069506083,0 days 01:19:14,0 days 00:35:53
268,AdmirableTeaf,8,1,8,0.429958407,0.001283716,0 days 01:13:24,0 days 05:33:10
269,Resident_Insid,10,1,10,0.289058262,0.0133635,0 days 03:07:12,0 days 04:59:35
270,Emergencyha,148,15,9.8667,0.49816514,0.124985236,0 days 02:08:08,0 days 02:17:21
271,Actual-Blueberry6524,16,1,16,0.510801887,0.003262366,0 days 02:16:57,0 days 00:00:25
272,Helpful_Feature590,50,1,50,0.508957062,0.003907412,0 days 08:47:31,0 days 01:23:30
273,Dailytwist31,-54,1,-54,0.53773337,0.268979012,0 days 06:04:40,0 days 00:01:18
274,Dazzling-Badger-119,136,57,2.386,0.546989503,0.164619107,0 days 04:02:48,0 days 01:18:39
275,Sthomas785,10,1,10,0.567535815,0.037240581,0 days 01:37:06,0 days 04:00:42
276,wiseb7,59,20,2.95,0.421560189,0.050412379,0 days 03:27:41,0 days 03:01:12
277,Typical-Catch6014,46,1,46,0.655257596,0.005244249,0 days 07:41:10,0 days 00:01:04
278,Key_Supermar,10,1,10,0.514729653,0.001319132,0 days 04:07:38,0 days 02:09:22
279,Harin7565,15,1,15,0.475846812,0.068625045,0 days 03:30:10,0 days 01:05:37
280,Reanneferreira2518,178,61,2.918,0.400003828,0.219379207,0 days 02:02:48,0 days 00:00:21
281,fby051,1320,1597,0.8265,0.539959657,0.095127521,0 days 02:01:18,3 days 05:46:21
282,Acrobatislanfjo,132,37,3.5676,0.068599738,0.003514587,0 days 00:51:58,0 days 11:11:59
283,Dry-Focus3215,16,1,16,0.497923563,0.405767979,0 days 00:47:26,0 days 00:00:10
284,credibleSeminary697,61,1,61,0.272367295,0.200101253,0 days 00:49:09,0 days 00:00:12
285,netsp64,236,23,10.2609,0.320788855,0.023324283,0 days 03:23:52,0 days 01:49:48
286,Choset348,57,1,57,0.63954642,0.399823889,0 days 00:43:55,0 days 00:00:13
287,veznicamjj,97,3,32.3333,0.405496381,0.008308653,0 days 02:17:03,0 days 02:25:59
288,usovigjasa,81,1255,0.0645,0.468787739,0.1637815,0 days 00:39:43,3 days 15:18:14
289,straferbj,156,5,31.2,0.441093896,0.009355,0 days 04:33:51,0 days 00:00:22
290,neusaapdd,6,1,6,0.152306708,0.028599492,0 days 00:22:35,2 days 00:10:39
291,maetheg9p,4,2,2,0.627118102,0.000725713,90 days 15:57:18,0 days 10:36:10
292,dignaba6k,2,1,2,0.76205499,0.000946943,114 days 04:18:13,0 days 06:12:39
293,buidasmiddilszx,0,4,0,0.650388718,0.000682183,76 days 02:12:58,0 days 10:09:38
294,agatitsll,63,73,0.863,0.597222765,0.002968941,0 days 00:01:15,0 days 07:17:05
295,aconsiarj2,2,1,2,0.350787257,0.099331212,0 days 05:25:36,260 days 00:31:25
296,Spaderaiz,9390,62486,0.1503,0.255158654,0.067868659,0 days 05:04:21,0 days 09:18:10
297,Reisendedd,83,1,83,0.298055732,0.054687659,0 days 01:05:20,0 days 00:00:14
298,Kuusamopd,240,127,1.8898,0.121000704,0.05769955,0 days 09:51:24,0 days 00:00:08
299,Aggland1985,4,1,4,0.308737634,0.012004348,0 days 00:13:14,6 days 02:05:06
300,4n1einfk,1,1,1,0.265814033,0.015310839,0 days 00:25:15,8 days 21:49:50
301,arditecx,21,1,21,0.092486661,0.008854235,0 days 00:27:59,0 days 03:02:25
302,axel_queenie,8,1,8,0.179624755,0.028652745,0 days 00:43:19,0 days 03:00:13
303,xandra_queenie,9,40,0.225,0.044279242,0.535933107,0 days 00:29:10,0 days 18:00:03
304,ur5ahnq,7,1,7,0.571642367,0.20621794,0 days 00:13:03,6 days 03:15:27
305,musicatiopl,3,1,3,0.68470458,0.0083189,0 days 00:02:30,0 days 00:29:47
306,KiwiGeneral56478,258,1,258,0.418038132,0.196275198,0 days 00:36:04,0 days 00:00:13
307,Historical_Bunc,67,10,6.7,0.231330068,0.191229675,0 days 00:18:27,0 days 07:38:43
308,hualxh468,155,26,5.9615,0.773447898,0.07412288,0 days 00:15:10,33 days 19:28:40
309,AdditionalBuy2,32,122,0.2623,0.39746327,0.397393532,0 days 00:19:20,8 days 00:30:10
310,FreeIndicatg,22,1,22,0.621219336,0.002353637,0 days 00:31:41,0 days 12:49:31
311,Western_Garag,163,1,163,0.369624877,0.287824878,0 days 08:16:54,0 days 00:01:32
312,Feistylantai,65,1,65,0.374450658,0.172491945,0 days 03:35:57,0 days 04:19:59
313,EmptyExplana,13,1,13,0.518739545,0.015320067,0 days 00:21:15,0 days 00:00:08
314,ZestycloseTowe,-4,1,-4,0.697637602,0.452037574,0 days 01:11:30,0 days 00:25:14
315,Junior_Researc,56,1,56,0.66784054,0.071321113,0 days 00:10:58,0 days 10:49:31
316,Beduzmm,1,1,1,0.646713813,0.281384029,0 days 00:20:51,0 days 00:28:16
317,AffectionateDuf,3,1,3,0.481415063,0.00387422,0 days 00:37:20,4 days 18:41:03
318,Puzzleheadegr,0,1,0,0.157082986,0.004168084,0 days 00:36:58,0 days 00:00:19
319,DarkPsychologica,162,4344,0.0373,0.519834444,0.038927418,0 days 04:53:59,0 days 03:27:17
320,Dramatioiu,5,1,5,0.30142451,0.251274198,0 days 00:36:28,0 days 00:00:12
321,NoRequiremen,0,1,0,0.498533664,0.301295981,28 days 02:25:06,0 days 02:08:14
322,Neat_Personalit,9,1,9,0.53324854,0.000756,0 days 00:53:25,0 days 01:48:32
323,Appropriate_Lun,9,1,9,0.416257395,0.036937647,0 days 00:46:23,0 days 00:00:21
324,MinuteDispd,17,1,17,0.409158082,0.001553726,0 days 01:04:46,0 days 00:42:12
325,SuccessulDated,36,1,36,0.496566331,0.017939063,0 days 00:53:02,0 days 00:00:26
326,Savings_Challeng,15,1,15,0.32291883,0.000838912,0 days 00:37:12,0 days 10:35:22
327,Measurementb,29,1,29,0.782440562,0.018808765,0 days 02:40:28,0 days 03:49:07
328,Communitdf,54,1058,0.051,0.136237558,0.002653381,0 days 01:52:45,3 days 11:07:06
329,Rattenbt43,70,1,70,-0.116072861,0.023644278,0 days 00:53:52,0 days 02:52:05
330,Imaginary-Dish-5695,-6,1,-6,0.417503103,0.007130573,0 days 00:35:18,0 days 00:05:43
331,West_Philosop,37,1,37,0.244635357,0.000694052,0 days 00:13:30,0 days 10:47:29
332,FormIllustrious246,41,1,41,0.488243904,0.257366018,0 days 06:47:13,0 days 00:00:21
333,SomeCheeseca,68,1,68,0.591474142,0.109361882,0 days 07:50:16,0 days 00:07:34
334,Redingtun86,10,1,10,0.297271731,0.00341177,0 days 06:58:43,0 days 00:00:36
335,Dangerouucchin,18,1,18,0.535031995,0.078445743,0 days 02:11:19,0 days 00:00:20
336,Outsitraightbh,8,1,8,0.595282766,0.007110634,0 days 01:59:00,0 days 00:00:52
337,Antrancefju,30,1,30,0.464906498,0.196939455,0 days 02:38:04,0 days 00:01:01
338,Diligeudgevgf,37,1,37,0.516192724,0.066525664,0 days 01:01:08,0 days 00:00:25
339,Emergencgkt,43,1,43,0.61483051,0.092359172,0 days 04:46:55,0 days 00:00:17
340,Electricaegrenj,2,1,2,0.595376786,0.127418884,0 days 03:42:01,0 days 00:00:26
341,Seriouuggerna,21,1,21,0.533746342,0.076566425,0 days 02:57:34,0 days 00:00:25
342,CrazyAspect7578,6,1,6,0.39997281,0.007077472,0 days 07:30:32,0 days 00:03:00
343,Fbrown465,20,1,20,0.466713093,0.02201784,0 days 06:34:44,0 days 00:00:52
344,Individuaealthg,5,1,5,0.533094722,0.156382856,0 days 01:53:05,0 days 00:03:19
345,Zealousideal_Car_43,23,1,23,0.505737725,0.059255899,0 days 13:06:34,0 days 00:00:22
346,Thin_Expression2161,92,1,92,0.050080657,0.086956592,0 days 00:31:34,0 days 01:42:00
347,MirrorSelect7465,4,1,4,0.641248306,0.014668741,0 days 00:31:40,0 days 00:00:17
348,ckbhmtgxd,24,1,24,0.256989023,0.073067029,0 days 00:36:42,0 days 01:10:40
349,CatNecessagh,39,1,39,0.444965448,0.021673342,0 days 04:00:29,0 days 00:28:31
350,Usedewspape,84,1,84,0.497467315,0.232157159,0 days 01:22:59,0 days 00:00:50
351,Accomplishedcs,64,1,64,0.167631886,0.205946391,0 days 02:25:54,0 days 00:19:07
352,Rouzzleheade,5,1,5,0.509463435,0.042204344,0 days 02:24:12,0 days 00:08:57
353,Electrical_Cry_2349,5,1,5,0.328510573,0.252823202,0 days 13:35:31,0 days 00:00:33
354,Temporaryvgf,148,1,148,0.4112777,0.003870569,0 days 03:03:01,0 days 00:00:27
355,Efficienousegbvj,65,1,65,0.567398084,0.15556716,0 days 03:56:27,0 days 00:00:24
356,Awkwaruidance,-4,1,-4,0.523010223,0.265722457,0 days 03:11:20,0 days 00:07:45
357,Lupottiaf,90,4670,0.0193,0.480647423,0.000890119,1 days 15:19:35,0 days 00:04:30
358,AccomplishedRid,-2,1,-2,0.430693135,0.241217602,0 days 03:32:44,0 days 00:08:14
359,WasteBaklj,14,1,14,0.349837235,0.000723005,0 days 08:02:03,0 days 00:00:37
360,Otherwisathhk,20,1,20,0.652758813,0.197274591,0 days 02:19:49,0 days 00:00:29
361,NeedleworkerAway4839,39,1,39,0.306026192,0.002317381,0 days 00:28:54,0 days 00:14:46
362,Presenulturfyufu,14,1,14,0.650608424,0.096081802,0 days 02:10:07,0 days 00:00:16
363,Unitesreference488,9,1,9,0.287667997,0.00095452,0 days 03:40:13,0 days 02:31:51
364,Aggressive-Bit-4632,36,1,36,0.545701582,0.103913502,0 days 00:25:40,0 days 06:20:13
365,AttitudeDepended,7,1,7,0.584044643,0.031306975,0 days 04:16:16,0 days 00:08:32
366,Accurateainin,62,1,62,0.615735304,0.293100482,0 days 01:16:42,0 days 00:00:47
367,Relativobcatf,32,1,32,0.397762032,0.022612249,0 days 01:32:54,0 days 00:00:26
368,CivilEconomis,35,1,35,0.339272406,0.164780856,0 days 00:56:46,0 days 00:06:39
369,IntelligentParfai,-2,1,-2,0.293039001,0.008603231,0 days 01:54:18,0 days 00:09:22
370,ErmaThomas,50,647,0.0773,0.346959134,0.001532771,0 days 14:33:52,0 days 00:00:05
371,Numbleweedfh,49,1,49,0.569084589,0.274115348,0 days 04:14:51,0 days 00:00:37
372,GaseousBodyguard,9,803,0.0112,0.735569044,0.243729697,0 days 00:17:44,0 days 00:05:46
373,Jeeber5676,12,1,12,0.466100363,0.106359487,0 days 04:23:09,0 days 00:00:37
374,Acceptable_Test5802,43,4,10.75,0.487320795,0.132576675,0 days 08:25:29,0 days 05:55:38
375,Aachi876,27,1,27,0.409246601,0.009581795,0 days 08:50:23,0 days 00:00:37
376,bondidudesv,90,88,1.0227,0.50562385,0.003128727,1 days 17:53:02,0 days 00:00:05
377,railaer,95,518,0.1834,0.577993579,0.000602726,1 days 15:23:55,0 days 00:07:48
378,Sperrwallze,77,1853,0.0416,0.60956587,0.01457977,1 days 18:01:27,0 days 00:04:20
379,nruloiayqpcsx,103,32,3.2188,0.283305047,0.199502211,1 days 05:38:28,0 days 01:46:02
380,abstinentett,83,61,1.3607,0.513122971,0.000965377,3 days 14:55:24,0 days 00:35:25
381,Heavevicedtg,27,1,27,0.672627241,0.198380409,0 days 04:57:53,0 days 00:00:20
382,HippoHeavy,41,1,41,0.373652596,0.374893977,0 days 00:33:43,0 days 00:00:17
383,Carefssignmen,63,1,63,0.384511108,0.008990517,0 days 04:46:12,0 days 00:00:21
384,CliffordBahra,46,481,0.0956,0.513849958,0.000899624,0 days 10:22:17,0 days 00:00:05
385,AnaWhitea,48,234,0.2051,0.525036452,0.000739318,0 days 12:57:33,0 days 00:00:06
386,Zemskone,77,15,5.1333,0.589718886,0.000703494,0 days 08:08:47,0 days 00:08:55
387,ismile4y0ugr,113,490,0.2306,0.574834213,0.030240333,3 days 09:06:13,0 days 00:17:44
388,photochiguireao,100,249,0.4016,0.556088305,0.016173425,1 days 20:17:34,0 days 00:17:41
389,Metaldizq,89,3251,0.0274,0.329376114,0.003487134,1 days 13:51:49,0 days 00:02:55
390,Nimaclun86,8,1,8,0.542825542,0.100519077,0 days 07:00:25,0 days 00:01:02
391,jyu2b_z2hggv,6,1,6,0.510449644,0.157340842,0 days 00:29:05,0 days 03:29:28
392,Different_Shoe_7836,4,1,4,0.235403708,0.003836908,0 days 01:44:55,2 days 02:19:22
393,duckgovard,465,20,23.25,0.366677364,0.197780485,0 days 00:17:25,6 days 18:38:02
394,yixirer,5462,780,7.0026,0.646394818,0.142890907,0 days 00:37:11,0 days 02:31:30
395,Quicecretarycxh,55,1,55,0.502457261,0.001791275,0 days 03:09:38,0 days 00:00:20
396,Present_Performe24,49,7,7,0.330996233,0.001682876,0 days 00:19:22,0 days 07:45:06
397,sternlyhatch24,381,5546,0.0687,0.125494929,0.137632426,0 days 00:20:32,10 days 08:05:36
398,Glottalcorse,40,34,1.1765,0.467669398,0.126039803,0 days 00:17:02,5 days 13:13:18
399,PuzzleheadedSell3959,5,1,5,0.565715295,0.033037004,0 days 00:30:26,0 days 00:33:08
400,Obvious-Recording867,9,1,9,0.466173346,0.077059554,0 days 01:01:56,0 days 00:28:36
401,BodybuilderSecure850,54,1,54,0.643270903,0.631107032,0 days 01:05:46,0 days 00:30:07
402,Dlanglois86,21,1,21,0.655886809,0.497484964,0 days 07:23:18,0 days 00:00:32
403,Alone_Strawberry8814,3,1,3,0.414041111,0.287691979,0 days 01:09:56,0 days 12:20:01
404,jellevdalen,227,1253,0.1812,0.409112929,0.026307991,0 days 00:12:16,4 days 14:59:57
405,HurtfulShopping,85,279,0.3047,0.715478134,0.005013145,0 days 00:02:47,0 days 05:28:56
406,Choice_Key_8201,868,2311,0.3756,0.598453249,0.082625687,0 days 00:50:11,0 days 01:53:30
407,richardjanes80,99,14962,0.0066,0.540487731,0.197945058,0 days 00:21:39,3 days 23:54:08
408,Front-Manufacturer32,-2,1,-2,0.558092113,0.41998066,0 days 00:47:45,0 days 00:31:34
409,Personal-Cry934,64,1,64,0.454473393,0.128306933,0 days 05:05:46,0 days 00:22:26
410,Mcraigw353,48,1,48,0.626736037,0.008881473,0 days 04:36:30,0 days 00:00:35
411,CautiousExcuseY,116,28,4.1429,0.555534378,0.165179427,0 days 00:47:06,0 days 02:26:24
412,SleepilyDearest,7,5268,0.0013,0.78226728,0.187658358,0 days 00:34:46,0 days 00:11:44
413,ychuc,1052,11387,0.0924,0.686824582,0.143577751,0 days 00:57:51,0 days 03:30:26
414,PomegranateMany5027,19,1,19,0.635883933,0.006981438,0 days 00:39:34,0 days 01:43:14
415,AwareContentment,8,782,0.0102,0.379597654,0.001185583,0 days 00:08:15,0 days 09:48:33
416,Difficult_Role_1586,23,31,0.7419,0.309741597,0.007352165,0 days 00:54:17,0 days 13:31:32
417,ComprehensiveCount47,219,1,219,0.583278909,0.073356495,0 days 04:11:20,0 days 00:01:01
418,ObviousAd2162,20,1,20,0.624092625,0.002578023,0 days 06:37:32,0 days 00:00:46
419,ComplaintFar183,129,1,129,0.386640892,0.227676229,0 days 00:34:33,0 days 00:00:15
420,Sorsat8086,67,1,67,0.737459447,0.016934891,0 days 05:35:24,0 days 00:01:05
421,AltruisticBedroom153,12,1,12,0.572343899,0.001851919,0 days 07:10:31,0 days 00:46:57
422,CardiologistCool4763,15,1,15,0.647582188,0.061734413,0 days 07:41:57,0 days 00:00:54
423,Lost-Category-557,20,1,20,0.463578127,0.000704238,0 days 00:40:14,2 days 01:09:42
424,SmallBullfrog7276,25,1,25,0.634336505,0.001048234,0 days 10:45:13,0 days 00:00:53
425,chorlouy,80,70,1.1429,0.455994258,0.011968113,2 days 06:51:17,0 days 00:03:18
426,LankyNail566,109,56,1.9464,0.321569569,0.18636817,0 days 03:37:14,0 days 02:14:46
427,cliopo,21,1,21,0.257633074,0.397140674,0 days 06:15:30,6 days 05:24:48
428,Backgrounsish2s,26,1,26,0.542614517,0.136609993,0 days 05:36:02,0 days 00:00:22
429,Historicsact283,32,1,32,0.661833344,0.050677986,0 days 06:13:04,0 days 00:01:27
430,AspectDisastrous3756,11,1,11,0.655387913,0.240765326,0 days 03:07:52,0 days 00:02:28
431,FuzzyBumblebee8461,27,1,27,0.519755393,0.135724015,0 days 07:11:42,0 days 00:44:02
432,DetailBulky,78,189,0.4127,0.463390839,0.004723049,0 days 02:03:20,182 days 21:49:35
433,technofreak000,39,51,0.7647,0.456727457,0.035885296,0 days 12:15:50,1 days 05:20:11
434,LolaWilliamse,45,90,0.5,0.51831075,0.03238783,0 days 06:13:04,0 days 00:00:05
435,WranglerOk8130,12,42,0.2857,0.116507001,0.001479883,0 days 03:28:28,0 days 02:03:42
436,EffectsBat4956,229,1,229,0.740654393,0.279850606,0 days 04:55:29,0 days 00:02:15
437,mrnguyen123,34,169,0.2012,0.676167165,0.004017359,0 days 00:23:37,5 days 10:03:50
438,Academic_Nothing5625,43,1,43,0.488097713,0.213489792,0 days 00:43:53,0 days 08:57:52
439,Nedadyh,81,929,0.0872,0.637050963,0.496189881,0 days 00:00:28,0 days 01:24:25
440,ceyiwit297,10,1062,0.0094,0.606545666,0.133568748,0 days 00:17:08,0 days 00:52:37
441,sharppeyton,20,1,20,0.435656239,0.040665123,0 days 00:15:10,8 days 14:47:29
442,densysltd,1809,3833,0.472,0,0.069679049,0 days 00:10:26,2 days 00:21:30
443,DramaticAppendix,11,13,0.8462,0.824840501,0.005682655,0 days 00:22:49,0 days 00:07:50
444,magove3056,14,5096,0.0027,0.667787042,0.008682301,0 days 02:34:44,0 days 12:41:50
445,hoyojet885,110,301,0.3654,0.708730586,0.456598684,0 days 00:15:48,2 days 09:38:02
446,thecrispsolitude,37,3036,0.0122,0.434186986,0.021116265,0 days 03:14:20,0 days 01:53:22
447,BlankDomination,101,2250,0.0449,0.547198903,0.236793224,0 days 02:38:29,0 days 07:31:19
448,Medical_Mortgage7624,-2,1,-2,0.722781629,0.21036496,0 days 00:38:25,0 days 23:07:58
449,Abject_Low7195,16,1,16,0.422121096,0.002860328,0 days 00:22:03,1 days 13:04:18
450,Desisrouble5773,-23,1,-23,0.543983197,0.043616238,0 days 03:53:54,0 days 01:29:36
451,farcavy67,28,337,0.0831,0.636701312,0.328207798,0 days 00:19:48,18 days 15:15:41
452,VisibleDevelopment23,83,1,83,0.541217717,0.331530638,0 days 04:16:31,0 days 00:01:02
453,Rusecialist624,128,1,128,0.440596829,0.083018518,0 days 07:29:23,0 days 00:00:29
454,Correct_Ad_6278,20,1319,0.0152,0.525607702,0.010668235,0 days 00:02:22,0 days 10:45:31
455,Shamrao24327,17,746,0.0228,0.207350076,0.0107532,0 days 01:40:56,0 days 01:41:04
456,Intelligenswan1015,43,1,43,0.486664196,0.10956644,0 days 08:05:55,0 days 00:01:07
457,RangerFar6342,66,1,66,0.514439321,0.083891839,0 days 05:03:04,0 days 00:00:43
458,HopefulTax-8034,125,40,3.125,0.594315451,0.172843791,0 days 02:45:24,0 days 02:47:58
459,Expert_Listen711,33,1,33,0.437777503,0.009400581,0 days 00:38:31,1 days 02:16:30
460,chastelySuction37,34,1103,0.0308,0.343420309,0.058755753,0 days 00:20:14,10 days 23:13:49
461,ShoddyEcho7753,45,1,45,0.462229535,0.019092797,0 days 03:00:50,0 days 00:00:59
462,EducationalRecord668,122,1,122,0.653527683,0.115509334,0 days 04:58:31,0 days 00:00:46
463,OtherTelevision3446,45,1,45,0.579471594,0.059341683,0 days 05:38:15,0 days 00:49:36
464,Maleficenstick9979,32,1,32,0.519420853,0.006078432,0 days 08:23:40,0 days 00:00:31
465,Express_Front_4153,47,2,23.5,0.166899938,0.0883424,0 days 00:31:58,0 days 11:02:45
466,MasterpieceNo6294,34,167,0.2036,0.662627856,0.074873974,0 days 01:28:30,0 days 01:13:50
467,Onlysandicoot2043,34,1,34,0.421622357,0.155756639,0 days 07:20:39,0 days 01:24:47
468,DeadlyDais59,44,36,1.2222,0.612590359,0.005577757,0 days 00:10:34,1 days 02:42:21
469,Tuetaog,97,180,0.5389,0.521919051,0.011989679,1 days 22:54:45,0 days 00:20:49
470,luisjyngy,56,49,1.1429,0.549094381,0.000715313,1 days 10:31:33,0 days 00:35:49
471,lujandcuyodt,106,1423,0.0745,0.510124823,0.014417158,1 days 21:26:52,0 days 00:26:49
472,woon5s2fss,118,2709,0.0436,0.50274502,0.001746791,2 days 01:46:46,0 days 00:13:20
473,Own-Champion2141,13,3,4.3333,0.308365616,0.255284517,0 days 00:09:06,0 days 19:49:28
474,LostRefrigerator2102,11,4,2.75,0.360953788,0.023893512,0 days 00:17:46,0 days 12:04:36
475,Arctic_0rca,108,146,0.7397,0.265367509,0.001177187,0 days 06:24:36,9 days 03:33:30
476,RepulsiveLeading5832,-19,1,-19,0.805310985,0.164020012,0 days 04:00:37,0 days 00:01:07
477,jlinuv,265,1629,0.1627,0.636468517,0.317864807,0 days 00:14:51,7 days 08:22:30
478,Own_Finding7180,8,1,8,0.191609437,0.070187827,0 days 00:22:00,0 days 15:01:44
479,Common_Bicycle,66,106,0.6226,0.446835697,0.075763591,0 days 09:08:11,121 days 17:42:28
480,FrayedWindfall,52,1181,0.044,0.597894799,0.001735254,0 days 00:12:30,0 days 11:12:05
481,varenikuct,67,22,3.0455,0.43062198,0.035887017,1 days 14:46:49,0 days 04:52:24
482,No_Mood3632,3,20,0.15,0.229811235,0.079361927,0 days 04:42:04,182 days 15:16:00
483,Distinct-Raccoon-128,5,1,5,0.452448048,0.002018273,13 days 15:05:03,0 days 00:03:58
484,WiselyPetty,32,596,0.0537,0.66736585,0.001919497,0 days 00:01:24,0 days 02:46:01
485,AnimatorRepulsive697,22,19,1.1579,0.283175846,0.003861372,0 days 00:31:02,0 days 10:56:55
486,stervochkaval,74,1036,0.0714,0.401991326,0.053638654,0 days 00:39:20,7 days 04:04:00
487,argeusd,24,1,24,0.293084099,0.030140275,0 days 00:31:34,2 days 12:22:58
488,Ldisien,103,13,7.9231,0.679978049,0.003551915,0 days 02:37:56,13 days 07:58:58
489,illPlumb,31,1466,0.0211,0.441896967,0.091373891,0 days 01:05:46,6 days 22:22:22
490,Humble-Plate6111,10,1,10,0.315847959,0.221172215,0 days 00:42:01,0 days 10:02:26
491,Consistent_Film2184,14,1,14,0.297945115,0.043311742,0 days 00:17:24,0 days 08:39:19
492,AnyMasterpiece8968,17,13,1.3077,0.22877571,0.000965165,0 days 00:33:24,0 days 09:30:19
493,unboundcloser,82,2364,0.0347,0.461456596,0.027730483,0 days 00:09:49,0 days 14:54:37
494,ToothpasteWolfawoo,118,4181,0.0282,0.539075709,0.025476645,0 days 14:45:18,2 days 02:49:12
495,Racistzeppelin87,23,721,0.0319,0.414222504,0.17345502,0 days 00:43:31,11 days 09:57:16
496,iskvariozn,79,52,1.5192,0.352810669,0.249367198,4 days 13:22:15,0 days 03:13:29
497,Wisifferenvgcd,304,48,6.3333,0.509442888,0.001482167,0 days 01:17:06,0 days 00:01:09
498,Chancyswallow277,66,599,0.1102,0.545794033,0.308360883,0 days 00:13:53,4 days 00:58:46
499,kerkdiefbb,213,681,0.3128,0.479114907,0.015087463,1 days 05:29:38,0 days 03:13:37
500,kusanagi_a,60,8053,0.0075,0.677626537,0.021514492,0 days 00:16:10,2 days 19:16:01
501,AmandaPolx,1,168,0.006,0.393868662,0.099706732,3 days 14:22:31,0 days 00:02:29
502,NotFamousButWillBe,168,21229,0.0079,0.423471742,0.054276891,1 days 00:34:27,0 days 15:20:09
503,Stibiljeqz,15,408,0.0368,0.52564382,0.000711842,0 days 10:29:55,0 days 00:42:26
504,roxidjlsa,4,78,0.0513,0.486919691,0.166550483,0 days 15:04:22,0 days 05:28:32
505,Flashycfdse,44,1,44,0.497610315,0.006972312,0 days 01:53:46,0 days 00:01:01
506,Wastonstructiofg,20,1,20,0.591308887,0.003360076,0 days 01:38:09,0 days 00:02:46
507,ecstasyaesthetic,13,1,13,0.361894317,0.115185668,0 days 09:15:20,0 days 00:00:28
508,extraligaab,204,901,0.2264,0.351431936,0.006574338,0 days 16:05:48,0 days 00:00:08
509,ocasesbm,50,564,0.0887,0.57387577,0.142720994,1 days 04:50:25,0 days 01:37:03
510,anyDodge91,2,1,2,0.481516039,0.015274999,0 days 00:14:58,6 days 19:42:01
511,sherzb56,96,185,0.5189,0.222826571,0.048732006,0 days 00:49:51,0 days 00:00:32
512,PhysicalMyrtle,35,1,35,0.553219959,0.008862603,0 days 01:08:23,0 days 22:16:36
513,skaweuc,105,3661,0.0287,0.46645936,0.006926715,1 days 11:11:44,1 days 20:47:05
514,TheUsableSuccess,341,1258,0.2711,0,0.013382964,0 days 00:38:38,0 days 04:59:57
515,Even_Popbal,70,7,10,0.18252381,0.145809065,0 days 01:29:18,0 days 04:09:17
516,moreSubject68,119,4979,0.0239,0.400499623,0.209535468,0 days 00:33:54,7 days 17:59:53
517,Permissi74,9,1,9,0.44216468,0.00085268,0 days 09:45:33,0 days 00:00:32
518,ConsistentType564,25,1,25,0.519409933,0.296156672,0 days 05:44:40,0 days 00:02:11
519,AwkwardOncidium94,55,2161,0.0255,0.204691419,0.006174289,0 days 00:35:11,5 days 13:11:36
520,myuseryour,25,156,0.1603,0.564180757,0.000654005,0 days 00:09:42,0 days 04:01:30
521,MacabreCoding,18,3379,0.0053,0.324732883,0.389502994,0 days 00:15:11,1 days 19:26:55
522,GrandMink,601,922,0.6518,0.663182952,0.10410671,0 days 00:05:08,2 days 03:54:57
523,WarmBicycle8961,232,5833,0.0398,0.512278854,0.131590355,0 days 00:22:21,0 days 10:12:16
524,Flimsy-Insurance-978,5,1,5,0.514269969,0.292614936,0 days 02:08:21,48 days 14:34:49
525,Markjug67,103,1,103,0.335880822,0.106026864,0 days 03:30:24,0 days 00:00:37
526,Adventurouenu,69,6,11.5,0.433426602,0.002499341,0 days 04:14:57,0 days 00:00:54
527,Negativhampiona,48,14,3.4286,0.472281164,0.018311474,0 days 03:09:32,0 days 00:00:32
528,vedor65384,269,11764,0.0229,0.223282412,0.043080032,0 days 00:05:43,0 days 01:50:58
529,DiligentlyLarge,81,4392,0.0184,0.318304317,0.039348401,0 days 00:08:30,0 days 04:15:46
530,piantavc,203,823,0.2467,0.358864009,0.002839072,0 days 23:25:34,0 days 00:00:09
531,uprightfascism_87,1,1,1,0.357460016,0.084648903,84 days 12:53:14,0 days 03:30:25
532,polpinka,96,1378,0.0697,0.390081373,0.020454342,0 days 00:39:04,8 days 09:57:24
533,whereabouts84,0,1,0,0.502732801,0.125092224,0 days 14:02:10,0 days 03:33:53
534,Beautifedgehog,17,1,17,0.400029746,0.144236353,0 days 02:04:19,0 days 03:38:00
535,Dsowsy41,120,1,120,0.457429221,0.16632277,0 days 06:10:11,0 days 00:00:42
536,VacantDossier,7,3500,0.002,0.472008718,0.033801174,0 days 01:55:14,0 days 16:42:37
537,Frifkijud9,-6,1,-6,0.301694074,0.071561288,0 days 04:56:24,0 days 00:00:42
538,Fearleensionbh,83,16,5.1875,0.576332628,0.04171151,0 days 03:41:32,0 days 00:00:36
539,outcasterajidae768,4,1,4,0.22162499,0.075098228,0 days 00:27:50,8 days 20:31:27
540,webtechiez,68,1,68,0.324039051,0.33566598,0 days 00:19:01,6 days 16:45:23
541,Independentfdy,19,1,19,0.434576768,0.00078791,0 days 02:33:47,0 days 04:09:55
542,SenorBeef,386447,8113,47.6331,0.683794004,0.241718895,0 days 03:38:59,0 days 02:31:57
543,Aggressive_Finger579,16,1,16,0.585652716,0.002447416,0 days 00:42:26,0 days 10:05:06
544,xansochi,55,61,0.9016,0.426152877,0.250878223,0 days 00:15:30,4 days 06:52:43
545,MixedRapidity,6,226,0.0265,0.76285289,0.00062568,0 days 00:26:44,0 days 00:10:23
546,UpstateAlight72,40,39,1.0256,0.419869013,0.005637969,0 days 00:20:28,7 days 07:11:54
547,Automatic_Suc,62,25,2.48,0.262806279,0.056875288,0 days 09:55:00,0 days 06:22:28
548,Unhapolasvgf,335,43,7.7907,0.553669219,0.001101084,0 days 02:18:58,0 days 00:00:27
549,HistoricalAm,-15,1,-15,0.198609058,0.399453504,0 days 04:15:20,0 days 00:00:14
550,w8229549,30,222,0.1351,0.342458696,0.112804788,0 days 00:28:48,5 days 12:08:00
551,outrightfoal480,208,310,0.671,0.590814236,0.233793178,0 days 00:40:06,1 days 19:09:21
552,CommercialClient51,170,6,28.3333,0.499459983,0.138814283,0 days 06:58:36,0 days 02:01:18
553,pc29lo,108,6230,0.0173,0.703641952,0.334093631,0 days 00:15:43,13 days 12:42:35
554,ntyriminger,3,1,3,0.415796975,0.005295812,0 days 00:16:35,1 days 05:51:37
555,initialshuffler,33,143,0.2308,0.410285579,0.002281137,0 days 00:16:11,4 days 00:02:49
556,Suitable-Method3245,3,1,3,0.020410432,0.064627259,0 days 01:51:34,0 days 00:28:27
557,NulkStomomocg,13,842,0.0154,0.56383525,0.001634141,1 days 17:14:49,0 days 01:56:47
558,Subartaspz,48,1446,0.0332,0.390431242,0.001344267,1 days 12:25:36,0 days 03:15:24
559,Acceptable_Roun,19,102,0.1863,0.259928948,0.020219048,0 days 02:06:28,0 days 06:12:18
560,Andresallison99,12,1,12,0.736839154,0.021897255,0 days 02:14:58,0 days 21:20:44
561,SurroundRealistic354,421,1,421,0.598978548,0.007740465,0 days 01:38:08,0 days 01:08:16
562,NetGroundbreakin,4,1,4,0.580558655,0.007577647,0 days 14:50:16,0 days 00:00:15
563,thenewjordy,118,1,118,0.709992765,0.036128893,2 days 23:35:27,12 days 09:59:01
564,Painarou53,23,9,2.5556,0.462486431,0.158853098,0 days 04:53:38,0 days 00:00:49
565,UnitedConferenc,22,124,0.1774,0.149123805,0.01614991,0 days 08:05:44,0 days 04:58:20
566,onlypersuade963,5,1,5,0.688298396,0.251731205,0 days 01:50:34,15 days 22:27:37
567,Rickeygraves,127,1,127,0.682501989,0.235025579,0 days 03:46:52,0 days 14:06:50
568,yaoyanke,23,36,0.6389,0.560821337,0.04865618,0 days 00:13:43,23 days 04:25:40
569,racialacreage,45,3610,0.0125,0.360324191,0.000705077,0 days 00:00:54,0 days 00:48:03
570,Jumpy_Conflict,15,652,0.023,0.435120096,0.079365869,0 days 00:44:35,146 days 08:07:21
571,Combinatioughg,7,1,7,0.597116322,0.025158131,0 days 01:38:14,0 days 00:00:42
572,Spirituaxampl,128,269,0.4758,0.467032424,0.135825873,0 days 02:37:30,0 days 00:00:32
573,OwnCantaloup,-4,1,-4,0.445670297,0.072240213,0 days 08:08:52,0 days 00:00:25
574,Speciranslatohj,46,63,0.7302,0.536807668,0.10068555,0 days 04:56:24,0 days 00:00:21
575,AnyNefariousness9050,15,1,15,0.590679697,0.094065068,0 days 06:41:21,0 days 00:01:26
576,NorthMasterpie,4,1,4,0.440790374,0.127184865,0 days 02:05:10,0 days 06:07:44
577,StarryJenny,90,2261,0.0398,0.477523765,0.000656836,0 days 00:53:45,0 days 11:35:17
578,Abject-Benefit-1784,0,1,0,0.486748604,0.146613333,0 days 01:11:50,0 days 00:30:08
579,Low-Smoke-5995,-3,1,-3,0.270916241,0.001056285,0 days 01:11:24,0 days 00:29:59
580,CucumberGlobal3955,1,1,1,0.16108552,0.04159498,0 days 01:03:05,0 days 12:03:10
581,ObligationDea,-8,1,-8,0.578895741,0.062159301,0 days 11:47:43,0 days 00:00:16
582,ProfessionalWaltz818,1,1,1,-0.012195796,0.009959643,0 days 01:32:47,0 days 00:33:21
583,waddyaknow8873,58,45,1.2889,0.63873191,0.070321019,0 days 03:59:10,0 days 04:20:08
584,Aromatic_Recording25,-2,1,-2,0.273420185,0.227782832,0 days 01:05:51,0 days 07:12:47
585,EduardoShelton,11,1,11,0.781528829,0.009685198,0 days 03:41:06,0 days 21:19:52
586,Flat_Gazelle_9684,3,1,3,0.291164812,0.305603938,0 days 00:53:10,0 days 15:04:29
587,Junior_Masterpie,0,1,0,0.42755702,0.000909242,0 days 10:34:42,0 days 00:00:21
588,Initial_Signatur,22,100,0.22,0.742068012,0.160016694,0 days 08:59:22,0 days 00:01:01
589,SpotPuzzleheade,17,1,17,0.432653226,0.083936305,0 days 07:24:46,0 days 00:00:21
590,Rusniokqk,210,16,13.125,0.229210203,0.011312698,0 days 11:45:41,0 days 00:00:10
591,Awkward_Anywhere_386,52,1,52,0.256733263,0.001555633,0 days 01:18:20,0 days 09:07:01
592,RelationMedi,26,1,26,0.510142409,0.05997466,0 days 04:32:02,0 days 00:00:24
593,Economy_Members,4,1,4,0.513412188,0.285720607,0 days 09:26:15,0 days 06:18:44
594,SmartWishbone8388,3,1,3,0.648029053,0.304188894,0 days 02:14:05,0 days 02:20:18
595,stevenoner,120,448,0.2679,0.36615817,0.046910866,2 days 14:59:19,46 days 09:07:15
596,CutBoethius,61,34,1.7941,0.322033733,0.13382873,0 days 00:49:26,6 days 22:50:39
597,Pitchedcybele539,30,1,30,0.700193011,0.001067299,0 days 00:28:02,6 days 00:45:36
598,mexicosk,197,60,3.2833,0.225070271,0.026001342,0 days 13:57:06,0 days 00:00:15
599,EconomicsLumpy9085,126,17,7.4118,0.65220338,0.319551075,0 days 06:26:31,0 days 00:00:27
600,ImpossibleResort833,164,9,18.2222,0.570885029,0.077991962,0 days 09:46:14,0 days 02:02:14
601,Dressdodger,27,20,1.35,0.502690965,0.005632967,0 days 00:20:02,7 days 23:22:59
602,Sewedvega985,187,50,3.74,0.503641705,0.252400405,0 days 00:10:16,8 days 17:33:18
603,SubstantialFrame3364,2,1,2,0.705584806,0.052192375,0 days 08:35:53,0 days 00:01:10
604,Frostyndividuafg,-37,1,-37,0.457272163,0.086333802,0 days 03:54:54,0 days 00:26:20
605,jachary1,546,1,546,0.667694142,0.076284477,0 days 18:49:22,6 days 08:19:07
606,Kuzn67,165,1,165,0.565942031,0.074379377,0 days 13:52:36,12 days 07:55:36
607,dimlypamper,21,1262,0.0166,0.590472055,0.020984015,0 days 00:21:51,3 days 23:50:29
608,Successful-Win-7772,16,1,16,0.540920866,0.159986348,0 days 00:38:03,0 days 07:51:08
609,GeologistDesigner217,634,416,1.524,0.414784069,0.031609555,0 days 04:17:24,0 days 04:46:23
610,Somescription,24,1,24,0.490057514,0.073892953,0 days 04:37:56,0 days 00:55:46
611,Washedvoyage65,55,154,0.3571,0.524180425,0.028423916,0 days 00:21:01,8 days 22:36:58
612,Abnormalharrison87,349,29,12.0345,0.574690295,0.136536922,0 days 00:15:11,8 days 12:13:37
613,tristang4,41,4983,0.0082,0.557323725,0.106993606,0 days 00:28:29,6 days 15:03:16
614,strictlygird93,37,1,37,0.47353087,0.001123782,0 days 00:13:59,3 days 17:16:57
615,FastVeterinarian591,80,1,80,0.601205577,0.08849714,0 days 06:08:25,0 days 00:00:41
616,freemarketingbrowser,1,1,1,0.397214144,0.001196351,6 days 01:16:46,13 days 18:00:42
617,inclinedmanpad78,7,1,7,0,0.525638402,0 days 00:17:49,4 days 05:20:23
618,Explanationfhcx,4,1,4,0.556232109,0.002323423,0 days 03:33:09,0 days 00:00:28
619,SubjectDiscipline10,48,1,48,0.545159913,0.200437866,0 days 03:52:25,0 days 00:01:28
620,Flasbilgi,17,30274,0.0006,0.476394452,0.056814837,0 days 13:42:09,2 days 16:53:28
621,Easy_Specialist_1879,5,1,5,0.613459241,0.287822698,0 days 00:47:51,0 days 13:24:28
622,ElegantJar,0,1,0,0.136579931,0.188299672,0 days 00:21:22,4 days 10:43:24
623,unsoundAudile,22,85,0.2588,0.49456798,0.002846487,0 days 00:37:16,6 days 18:41:14
624,HeavyLingonberry644,10,1,10,0.493335565,0.193860932,0 days 04:16:48,0 days 00:23:52
625,YahyaKemalTR,201,2,100.5,0.160679463,0.040570109,0 days 09:17:06,3 days 07:52:25
626,TightlyBatty,5,530,0.0094,0.266016298,0.008224549,0 days 00:35:00,0 days 05:42:59
627,ActuallyHarebrained,3,526,0.0057,0.40567313,0.074581051,0 days 00:19:59,0 days 00:07:26
628,luvende,208,1328,0.1566,0.346810068,0.003882738,0 days 13:22:18,0 days 00:00:08
629,Josselynok,81,216,0.375,0.344767459,0.000816485,1 days 08:41:44,0 days 00:00:07
630,Grundyug,125,4256,0.0294,0.495938984,0.224881669,0 days 19:29:51,0 days 00:17:22
631,Spoorlelejf,161,1031,0.1562,0.506963027,0.000776973,1 days 19:32:09,0 days 00:00:07
632,RichardCooka,87,131,0.6641,0.301839102,0.002370122,0 days 09:54:21,0 days 00:00:05
633,Liblarlr,184,10,18.4,0.613803721,0.000809772,5 days 08:10:52,0 days 00:00:06
634,Marinistvh,223,38,5.8684,0.415366569,0.001096432,0 days 14:17:20,0 days 00:00:08
635,MinimumSituation374,36,1,36,0.735351261,0.402359769,0 days 03:12:47,0 days 00:00:46
636,ExpressCup5629,35,1,35,1,0.173881516,0 days 00:24:57,0 days 00:00:07
637,CarefulLanguage1840,96,168,0.5714,0.371836777,0.042758161,0 days 03:37:18,0 days 04:42:14
638,PlasticSeveral2784,22,1,22,0.650360333,0.001067971,0 days 09:13:57,0 days 00:01:35
639,DiamondSevere2781,432,1,432,0.600188053,0.007159994,0 days 06:04:30,0 days 00:00:53
640,TrainingSignal2716,-5,1,-5,0.501562136,0.112009712,0 days 05:10:36,0 days 00:00:54
641,Upfieldpaperboy,1,1,1,0.601538336,0.5445951,0 days 00:11:44,1 days 00:10:10
642,cleverlyMarch,32,1451,0.0221,0.450552631,0.207900404,0 days 00:40:48,5 days 08:26:55
643,SpiritualPhone3015,7,1,7,0.712211294,0.028582311,0 days 05:35:04,0 days 00:03:57
644,NeitherIngenuity912,1,1,1,0.693785444,0.305308326,0 days 01:52:20,0 days 00:00:35
645,IntelligentLuck817,694,10,69.4,0.154677305,0.013210094,0 days 01:57:14,0 days 10:47:30
646,OpenStatistician514,10,1,10,0.491306801,0.025264474,0 days 08:04:26,0 days 00:00:23
647,GladlyInternal,29,2541,0.0114,0.363860835,0.01505506,357 days 15:02:16,0 days 15:41:46
648,FickleLetterhead4433,25,1,25,0.499654314,0.279018462,0 days 03:44:30,0 days 00:01:00
649,ThinkTonight7245,79,1,79,0.548297728,0.02210188,0 days 07:40:28,0 days 00:02:19
650,OneInternational584,28,1,28,0.614137093,0.497637798,0 days 00:44:54,0 days 06:13:00
651,FavoriteLodging,27,2545,0.0106,0.558522998,0.39317877,0 days 00:40:02,0 days 03:36:29
652,SuspiciousArmy3428,84,1,84,0.305789717,0.268381657,0 days 03:05:58,0 days 00:25:37
653,PossibleType7772,15,1,15,0.207761938,0.077214194,0 days 03:05:24,0 days 00:36:52
654,Lompje,110,983,0.1119,0.339258935,0.040395537,0 days 00:26:59,3 days 21:57:57
655,Additional-Hunt-432,3491,1,3491,0.503959303,0.464058103,0 days 02:12:27,0 days 00:58:56
656,Brilliant-Square2595,37,1,37,0.417329155,0.002284196,0 days 00:52:06,0 days 00:00:10
657,Flimmunk,88,3167,0.0278,0.636802319,0.02073711,0 days 01:04:52,1 days 01:44:18
658,PointGigs,67,1,67,0.5201937,0.017352023,0 days 04:44:34,0 days 23:10:00
659,DryEye8241,-19,1,-19,0.4783114,0.00397535,0 days 00:46:27,0 days 00:00:12
660,BusEvening1885,18,1,18,0.378017125,0.133530228,0 days 00:16:03,0 days 09:56:58
661,LividCulprit,5,32,0.1562,0.820485906,0.114922196,0 days 00:15:59,0 days 00:11:14
662,KaputVictory,1,3,0.3333,0.873062061,0.02881147,0 days 00:20:57,0 days 00:11:36
663,WeeklyApologise,7,226,0.031,0.443785353,0.002248598,0 days 00:16:50,0 days 00:11:16
664,Zealousideal_Hat6306,57,1,57,0.504519718,0.001592213,0 days 00:14:50,0 days 19:01:45
665,ProfessionalLife3641,-54,1,-54,0.291434385,0.267665513,0 days 01:09:28,0 days 00:00:12
666,fortor_1,21,3,7,0.416799275,0.186531119,0 days 00:14:01,6 days 07:48:50
667,abyichan,24,1,24,0.439580335,0.000755543,0 days 00:22:04,2 days 23:37:38
668,Actual-Blueberry6524,8,1,8,0.612846054,0.241599196,0 days 00:37:24,0 days 16:27:30
669,Dailytwist31,27,48,0.5625,0.409838128,0.217085988,0 days 00:17:39,4 days 14:48:01
670,Dazzling-Badger-119,-13,1,-13,0.689150681,0.061975667,0 days 00:59:54,0 days 00:34:34
671,Sthomas785,112,1,112,0.321917613,0.046794227,0 days 05:33:53,0 days 00:00:45
672,wiseb7,34,1,34,0.458781956,0.001038271,1 days 23:10:52,0 days 00:00:55
673,fby051,33,320,0.1031,0.489366382,0.022493218,0 days 00:17:04,7 days 03:14:02
674,credibleSeminary697,831,91,9.1319,0.217217473,0.187758346,0 days 00:12:05,9 days 05:34:51
675,veznicamjj,58,1,58,0.482384286,0.000892102,0 days 08:30:29,0 days 00:00:06
676,usovigjasa,115,19,6.0526,0.326650596,0.00152191,1 days 08:29:21,0 days 00:00:07
677,straferbj,76,1550,0.049,0.488603632,0.000670824,1 days 07:14:40,0 days 00:00:07
678,maetheg9p,60,1,60,0.465345121,0.000793415,0 days 12:57:46,0 days 00:00:08
679,dignaba6k,49,1,49,0.417840101,0.000731711,0 days 12:46:00,0 days 00:00:07
680,buidasmiddilszx,24,2989,0.008,0.421288253,0.000720145,1 days 13:56:10,0 days 00:00:12
681,agatitsll,108,1867,0.0578,0.427544257,0.0674121,1 days 19:56:51,3 days 11:35:33
682,aconsiarj2,83,1,83,0.426674163,0.000836278,6 days 04:52:48,0 days 00:00:06
683,Spaderaiz,65,1,65,0.35331442,0.000731328,0 days 14:12:09,0 days 00:00:18
684,Reisendedd,105,1993,0.0527,0.429496212,0.017205603,2 days 00:21:46,0 days 00:00:07
685,Kuusamopd,133,930,0.143,0.323051585,0.000804665,0 days 18:39:31,0 days 00:00:08
686,Aggland1985,0,1,0,0.506238537,0.000716707,0 days 09:31:42,0 days 00:11:41
687,4n1einfk,40,1,40,0.595938259,0.005591844,0 days 05:48:34,0 days 00:00:08
688,axel_queenie,267,83,3.2169,0.235865387,0.005920533,0 days 21:01:19,0 days 00:03:48
689,xandra_queenie,160,126,1.2698,0.310999315,0.008700733,0 days 08:35:04,0 days 00:05:21
690,hualxh468,806,10,80.6,0.339541693,0.329977924,0 days 00:14:57,15 days 12:24:14
691,Beduzmm,74,518,0.1429,0.622329491,0.000720633,0 days 05:19:28,2 days 06:44:46
692,Imaginary-Dish-5695,13,1,13,0.179447377,0.425711441,0 days 10:33:42,53 days 06:51:26
693,touchedVellum92,30,3,10,0.433560134,0.392318638,0 days 00:17:56,8 days 08:16:16
694,DisastrousCycle4785,-6,1,-6,0.06396961,0.048835306,0 days 00:29:10,0 days 00:27:25
695,neriticliquor321,193,2724,0.0709,0.436192787,0.154434813,0 days 00:30:40,6 days 02:46:27
696,xcdsopwenu,142,21,6.7619,0.747341094,0.132989241,0 days 16:12:47,0 days 19:50:38
697,_u1o3vabcd,53,1,53,0.475417103,0.181024652,0 days 00:22:02,0 days 04:48:10
698,CoraNorman20,15,1,15,0.369063516,0.148692676,0 days 02:29:54,0 days 21:20:08
699,Select_Preference230,199,1,199,0.445086906,0.004678103,0 days 00:31:23,0 days 13:00:51
700,DeafRobot,0,6,0,0.302129051,0.063374491,4 days 08:23:53,0 days 01:42:38
701,Separate-Pin7432,22,1,22,0.660205888,0.004645621,0 days 00:36:21,0 days 17:31:03
702,LaurenFerguson6,7,1,7,0.708115565,0.264400455,0 days 03:40:06,0 days 15:36:49
703,Frequent-Delivery-39,2,1,2,0.125052559,0.002817075,0 days 00:48:31,0 days 16:24:46
704,MaureenWillis,40,1,40,0.569084365,0.00184186,0 days 03:27:28,0 days 21:20:40
705,Competitive_Shock909,38,2,19,0.240255076,0.000702039,0 days 00:20:12,0 days 11:00:34
706,szyma87,27,1,27,0,0.254067894,0 days 02:55:26,1 days 01:43:40
707,LengthinessParking58,3,1,3,0.629955661,0.033702038,0 days 00:24:38,0 days 00:30:22
708,Spirited_Ad7705,226,1,226,0.726590323,0.330134737,0 days 00:54:24,0 days 04:34:00
709,Specific-Collar6203,-100,1,-100,0,0.114858218,0 days 01:35:17,0 days 06:30:00
710,Past_Pollution_3600,0,663,0,-0.093255722,0.00173621,0 days 02:06:06,216 days 06:25:39
711,HugeEngineering5096,1,6,0.1667,0.356090954,0.004215212,0 days 17:02:37,29 days 20:25:54
712,Top_Zookeepergame_99,-6,366,-0.0164,0.273875976,0.066595464,0 days 03:37:43,0 days 01:13:32
713,New_Answer_4895,1,84,0.0119,0.793557872,0.06938904,0 days 02:15:46,0 days 06:51:05
714,maddoggy2214,0,2,0,0.031160733,0.140434615,0 days 00:06:01,13 days 05:59:50
715,Soarent,8327,2169,3.8391,0.698240923,0.02763423,0 days 03:42:52,18 days 03:49:35
716,Outrageous_Note6576,22,1,22,0.612205531,0.232364534,46 days 00:49:51,1 days 11:13:14
717,MonicaMyersH,91,6572,0.0138,0.123860381,0.107041866,282 days 14:21:40,0 days 09:20:52
718,rockcoca,34,20,1.7,0.293480896,0.067562986,0 days 00:38:58,8 days 03:01:10
719,No_Albatross8933,4,1,4,0.157866578,0.069506083,0 days 01:19:14,0 days 00:35:53
720,Access9317,6,1,6,0.388306654,0.001095607,0 days 00:52:25,0 days 23:23:10
721,EmotionalChange4884,51,1,51,0.508957062,0.003907412,0 days 08:47:31,0 days 01:23:30
722,InternationalLie433,-54,1,-54,0.53773337,0.268979012,0 days 06:04:40,0 days 00:01:18
723,InfamousAd5612,46,1,46,0.655257596,0.005244249,0 days 07:41:10,0 days 00:01:04
724,PlanesTravels,1325,1610,0.823,0.560834746,0.105525201,0 days 01:56:47,3 days 21:45:41
725,Weary_Section_9003,132,39,3.3846,0.068599738,0.003514587,0 days 00:51:58,0 days 11:11:59
726,PeaComprehensive7871,16,1,16,0.497923563,0.405767979,0 days 00:47:26,0 days 00:00:10
727,OwnElection9514,61,1,61,0.272367295,0.200101253,0 days 00:49:09,0 days 00:00:12
728,BirthdaySad9966,57,1,57,0.63954642,0.399823889,0 days 00:43:55,0 days 00:00:13
729,DizzilyMothball,81,1255,0.0645,0.468787739,0.1637815,0 days 00:39:43,3 days 15:18:14
730,DullAntapex,6,1,6,0.152306708,0.028599492,0 days 00:22:35,2 days 00:10:39
731,jeansmith1,4,2,2,0.627118102,0.000725713,90 days 15:57:18,0 days 10:36:10
732,kayla-wood,2,1,2,0.76205499,0.000946943,114 days 04:18:13,0 days 06:12:39
733,BellaCollin1,0,4,0,0.650388718,0.000682183,76 days 02:12:58,0 days 10:09:38
734,Ok-Independence4925,63,73,0.863,0.597222765,0.002968941,0 days 00:01:15,0 days 07:17:05
735,Adventurous_Fix_6402,2,1,2,0.350787257,0.099331212,0 days 05:25:36,260 days 00:31:25
736,GeoffStephen0908,9480,62486,0.1517,0.163933559,0.255374029,0 days 03:45:42,0 days 03:53:34
737,GloomyRegister2683,83,1,83,0.298055732,0.054687659,0 days 01:05:20,0 days 00:00:14
738,et8zw8fu,240,128,1.875,0.121000704,0.05769955,0 days 09:51:24,0 days 00:00:08
739,maximka2k,4,1,4,0.308737634,0.012004348,0 days 00:13:14,6 days 02:05:06
740,ThijmenP,1,1,1,0.265814033,0.015310839,0 days 00:25:15,8 days 21:49:50
741,Consequence930,8,1,8,0.179624755,0.028652745,0 days 00:43:19,0 days 03:00:13
742,RepeatAltruistic5549,8,40,0.2,0.044279242,0.535933107,0 days 00:29:10,0 days 18:00:03
743,Drajiii,7,1,7,0.574875306,0.219499577,0 days 00:12:21,5 days 20:20:43
744,Aromatic-Noise-1345,3,1,3,0.68470458,0.0083189,0 days 00:02:30,0 days 00:29:47
745,GeneGlittering4021,258,1,258,0.418038132,0.196275198,0 days 00:36:04,0 days 00:00:13
746,AdmirableCheek2338,67,10,6.7,0.231330068,0.191229675,0 days 00:18:27,0 days 07:38:43
747,thenceclog56,155,26,5.9615,0.773447898,0.07412288,0 days 00:15:10,33 days 19:28:40
748,edgeblader,32,122,0.2623,0.39746327,0.397393532,0 days 00:19:20,8 days 00:30:10
749,JustEntertainment488,22,1,22,0.621219336,0.002353637,0 days 00:31:41,0 days 12:49:31
750,Pale_Photograph_2722,70,1,70,0.375918026,0.172442499,0 days 03:02:54,0 days 06:14:50
751,NeatImagination8339,13,1,13,0.518739545,0.015320067,0 days 00:21:15,0 days 00:00:08
752,Ok-Money9427,-4,1,-4,0.697637602,0.452037574,0 days 01:11:30,0 days 00:25:14
753,Brief_Bench_5277,55,2,27.5,0.400704324,0.057221613,0 days 00:08:55,0 days 13:48:58
754,ShoulderNumerous4917,1,1,1,0.646713813,0.281384029,0 days 00:20:51,0 days 00:28:16
755,NattilyAdmit,3,1,3,0.481415063,0.00387422,0 days 00:37:20,4 days 18:41:03
756,FarmPuzzleheaded8350,0,1,0,0.157082986,0.004168084,0 days 00:36:58,0 days 00:00:19
757,AshamaSpeed,168,4344,0.0387,0.485938692,0.036652778,0 days 02:51:16,0 days 03:27:30
758,DoughnutOk4857,5,1,5,0.30142451,0.251274198,0 days 00:36:28,0 days 00:00:12
759,Quirky_Wasabi2980,0,1,0,0.498533664,0.301295981,28 days 02:25:06,0 days 02:08:14
760,AdAcrobatic9771,9,1,9,0.53324854,0.000756,0 days 00:53:25,0 days 01:48:32
761,EstablishmentSalt790,9,1,9,0.416257395,0.036937647,0 days 00:46:23,0 days 00:00:21
762,Effective-Respond-64,17,1,17,0.136386027,0.00130089,0 days 00:43:23,1 days 04:34:04
763,PresentEquivalent459,36,1,36,0.496566331,0.017939063,0 days 00:53:02,0 days 00:00:26
764,Awkward_Pen_9702,13,178,0.073,0.448015514,0.000719487,0 days 00:39:42,3 days 07:41:08
765,NealBoone30,30,1,30,0.782440562,0.018808765,0 days 02:40:28,0 days 03:49:07
766,Consistent_Union7449,-1,1,-1,0.552462721,0.318640447,0 days 00:39:54,0 days 23:27:44
767,Itchy-Debate-8958,60,1058,0.0567,0.250452572,0.002268274,0 days 01:25:00,3 days 00:01:31
768,Accountant-1606,70,1,70,-0.116072861,0.023644278,0 days 00:53:52,0 days 02:52:05
769,Weird_Upstairs_7429,37,1,37,0.244635357,0.000694052,0 days 00:13:30,0 days 10:47:29
770,FunRepresentative637,94,16,5.875,0.10808763,0.104109008,0 days 00:35:50,0 days 11:55:10
771,ImpressiveLeg975,120,1,120,0.63886091,0.123050062,0 days 05:43:58,0 days 00:00:49
772,Lucky-Membership3329,102,12,8.5,0.150218365,0.272198485,0 days 00:35:46,0 days 13:07:52
773,Significant-Issue753,2,1,2,0.447647809,0.20057658,0 days 00:32:38,0 days 01:03:14
774,Natural-House-7431,6,1,6,0.634603797,0.470703328,0 days 00:46:52,0 days 00:27:40
775,Alarmed-Ad6513,7,1,7,0.488812685,0.001283218,0 days 00:33:33,0 days 08:31:10
776,Jealous-Nature4409,34,1,34,0.162996756,0.022256099,0 days 00:17:24,0 days 12:24:29
777,Longjumping_Pay_4106,-1,1,-1,0.370845129,0.316838262,0 days 00:36:29,0 days 15:40:08
778,ProfessionalTale3566,213,473,0.4503,0.049468359,0.137816449,0 days 00:32:46,0 days 09:30:58
779,Born_Anything_1870,4,1,4,0.528829646,0.001079312,0 days 01:38:56,0 days 00:11:57
780,Hefty_League_3425,21,33,0.6364,0.306239984,0.004761419,0 days 00:29:18,0 days 14:07:26
781,HoraceFleming,17,1,17,0.76452199,0.021126495,0 days 03:41:04,0 days 15:28:43
782,SubstantialCandy6901,5,1,5,0.207730962,0.223503643,0 days 00:41:40,0 days 08:29:48
783,FruitBackground2418,27,7,3.8571,0.212357843,0.006700711,0 days 00:28:34,0 days 11:23:32
784,Ok-Telephone-1299,4,1,4,0.569999327,0.016255595,0 days 00:44:16,0 days 01:03:58
785,BubblyObject4348,10,1,10,0.074021519,0.034139128,0 days 02:34:22,0 days 01:38:04
786,Impressive_Stock_398,-1,1,-1,0.661824974,0.001472673,0 days 00:47:00,0 days 00:27:34
787,Instruction1638,54,1,54,0.742470929,0.000724949,0 days 01:10:15,0 days 02:48:06
788,LevelBeautiful7491,0,1,0,0.262806327,0.078363791,0 days 00:35:34,0 days 00:27:39
789,Intelligent-File-634,6,1,6,0.245863586,0.000990436,0 days 00:15:06,0 days 07:00:30
790,Tracymcdaniel9,91,1,91,0.708772804,0.000725755,0 days 02:48:26,0 days 20:00:07
791,JumpFormer1465,1,1,1,0.296691958,0.285926374,0 days 01:13:54,0 days 00:30:22
792,Maleficent_Box_5162,21,1,21,0.152331745,0.054949213,0 days 00:30:43,0 days 11:28:47
793,Competitive_Catch899,3,1,3,0.739302693,0.464056551,0 days 00:38:28,0 days 00:31:34
794,Obermaathd,18,468,0.0385,0.586858305,0.392763708,0 days 03:48:06,1 days 03:22:14
795,Hefty_Original2254,6,1,6,0.622086155,0.001120084,0 days 01:00:35,0 days 01:45:15
796,Potential_Ad9781,25,29,0.8621,0.377998777,0.000973234,0 days 00:21:49,0 days 08:10:48
797,No-Level-9795,3,1,3,0.274673387,0.001432107,0 days 00:18:30,0 days 00:32:22
798,Felstalze,91,454,0.2004,0.449668056,0.00098034,2 days 03:57:26,0 days 00:00:11
799,Nearby_Service_994,35,5,7,0.18040863,0.009700803,0 days 00:23:08,1 days 05:26:26
800,Straight-Swimmer-277,4,1,4,0.524296294,0.08852847,0 days 00:20:50,0 days 00:30:35
801,OtherwiseAir9460,37,13,2.8462,0.610883592,0.014494758,0 days 06:58:50,0 days 00:00:53
802,Accurate-Homework-12,5,1,5,0.834448033,0.001778012,0 days 00:15:15,0 days 00:47:13
803,Ductilecebidae188,129,24,5.375,0.37787763,0.164372313,0 days 01:19:35,10 days 06:59:08
804,CrispyPapad,1477,50798,0.0291,0.544465791,0.124116733,0 days 08:26:42,0 days 03:36:45
805,Ivaryus,346,560,0.6179,0.541859893,0.413370826,0 days 00:23:43,22 days 23:26:01
806,AmoebicBetatron79,49,753,0.0651,0.286509123,0.497987981,0 days 00:38:38,10 days 23:17:08
807,HedgehogFit9168,-81,1,-81,0.483701698,0.197818216,0 days 00:32:51,0 days 00:01:39
808,Weak_Bed9886,119,16,7.4375,0.350588537,0.112480318,0 days 04:10:27,0 days 00:01:19
809,Far_Holiday1690,539,45,11.9778,0.634859133,0.13887589,0 days 00:11:39,102 days 23:56:09
810,ou637rm96a,49,74,0.6622,0.625274818,0.165161443,0 days 00:29:26,101 days 11:49:37
811,ExperienceLeather387,2,1,2,0.408392025,0.210492351,0 days 00:38:30,0 days 00:00:14
812,Ok_Month_2392,0,407,0,0.32749851,0.075072756,0 days 02:59:16,215 days 03:49:26
813,Ambitious_Hotel1421,57,103,0.5534,0.120868533,0.200711263,0 days 00:17:20,0 days 14:41:08
814,Rude-Performance6861,18,7,2.5714,0.309890265,0.048369027,0 days 00:10:27,0 days 10:05:24
815,TeaDramatic4041,6,1,6,0.513807455,0.005125372,0 days 00:53:26,0 days 00:00:12
816,AdhesivenessNo7530,64,1,64,0.365615652,0.216038847,0 days 00:37:18,0 days 00:00:12
817,Embariraassed,3,503,0.006,0.273125399,0.257026883,0 days 00:21:04,0 days 07:46:01
818,Alarming_Secretary47,221,1,221,0,0.002156825,0 days 00:28:22,1 days 00:28:06
819,SameSupermarketh,387,2540,0.1524,0.602262801,0.166267808,0 days 00:02:41,0 days 08:00:40
820,rimaiasxt,154,3060,0.0503,0.256438132,0.019431247,0 days 00:48:21,0 days 22:52:09
821,left_accuracy,6,2754,0.0022,0.565674608,0.238702173,0 days 00:24:00,0 days 00:10:12
822,Complex_Maiz4732,60,1,60,0.54659087,0.033575017,0 days 00:16:42,0 days 02:54:38
823,Appropriate_Loquat19,-1,1,-1,0.283262437,0.004123077,0 days 00:37:59,0 days 00:33:33
824,Mousse7421,47,1,47,0.762726226,0.152370825,0 days 00:31:04,0 days 15:41:07
825,Sweaty_Mulber5819,11,1,11,0.628048882,0.000611996,0 days 01:09:00,0 days 02:59:12
826,academic_allocation,100,2433,0.0411,0.371284101,0.036275923,0 days 01:11:39,1 days 03:37:08
827,Puzzleheadesk,198,5305,0.0373,0.330841016,0.079330366,0 days 00:10:56,0 days 06:43:34
828,voorit,6156,1,6156,0.659192098,0.089413594,0 days 17:02:06,10 days 08:25:54
829,sudhirtgx,118,1,118,0.565278395,0.023660122,1 days 05:20:45,9 days 06:20:38
830,mavieglobal,0,1,0,0.387946857,0.183634776,0 days 12:29:36,3 days 09:34:55
831,944hotz,41,3,13.6667,0.498935407,0.069346259,0 days 00:49:13,5 days 00:12:13
832,izidorf,310,1232,0.2516,0.337054746,0.230872583,0 days 00:33:46,4 days 21:56:10
833,Wellcatch168,74,375,0.1973,0.511559967,0.315767132,0 days 00:15:42,4 days 21:08:37
834,dondtschedh,211,252,0.8373,0.255137143,0.01240392,0 days 07:33:09,0 days 08:43:41
835,BrisklyThundering,147,4259,0.0345,0.489029139,0.122353125,0 days 00:05:01,2 days 10:11:18
836,Jakeneal89,66,1,66,0.791073164,0.007832605,0 days 03:03:42,0 days 11:36:38
837,Evening_Cobbler9761,86,1,86,0.555191299,0.094715525,129 days 21:32:44,0 days 00:19:42
838,LatoyaGilbert,21,2669,0.0079,1,0.000845576,1 days 00:23:37,0 days 00:00:08
839,4btconly,91,91,1,0.379739153,0.004670874,0 days 00:27:04,11 days 18:02:13
840,nguyenluancmg,445,3,148.3333,0.326614908,0.01065673,0 days 00:20:59,6 days 16:36:55
841,PerfectOutcome4,13,586,0.0222,0.44808641,0.118520165,0 days 00:27:42,0 days 09:19:12
842,skimammobium22,74,409,0.1809,0.798818552,0.012280006,0 days 00:46:29,5 days 07:38:20
843,ehudail,186,1,186,0.294431262,0.0008487,0 days 12:03:43,0 days 00:00:09
844,falt1863,21,33,0.6364,0.395747913,0.113728048,0 days 00:31:29,6 days 11:25:54
845,QuizzicallyAhead,55,1977,0.0278,0.282158466,0.066443307,0 days 00:21:30,0 days 02:23:13
846,AlienIota47,43,443,0.0971,0.481447177,0.042607173,0 days 00:17:57,4 days 23:38:01
847,biblessHouse25,30,1,30,0.348923387,0.012226297,0 days 00:12:46,6 days 10:58:33
848,tellajide281,74,68,1.0882,0.464608764,0.095380227,0 days 00:40:33,4 days 23:28:05
849,moodilyInfest663,84,76,1.1053,0.551582847,0.11624729,0 days 00:33:30,7 days 00:42:42
850,3GE1Dmi,93,4617,0.0201,0.520358346,0.047020159,1 days 14:18:18,0 days 00:00:41
851,Colorfulswab367,218,255,0.8549,0.587078651,0.510038035,0 days 00:25:27,5 days 13:26:40
852,tropicalLeporid496,27,2469,0.0109,0.336041168,0.172809782,0 days 01:01:33,7 days 02:56:03
853,EvilPotato45,574,1,574,0.615056038,0.229536469,0 days 00:04:40,0 days 00:00:36
854,ComprehensiveWinh,281,6257,0.0449,0.517740399,0.116534603,0 days 00:07:06,0 days 16:44:40
855,LossWeak4625,15,1,15,0.254715127,0.067069415,0 days 00:16:35,0 days 00:00:14
856,luisujivw,39,2534,0.0154,0.402292265,0.0249196,0 days 00:57:06,0 days 01:43:00
857,RobinBentona,102,145,0.7034,0.483599673,0.049436288,0 days 15:02:08,0 days 00:00:04
858,howeverstand520,17,1,17,0.407503469,0.171817884,0 days 01:08:18,2 days 16:46:49
859,Anicolauna86,39,1,39,0.579014822,0.24891779,0 days 09:48:16,0 days 02:14:36
860,mark7682,58,105,0.5524,0.418599773,0.037810216,0 days 00:44:54,11 days 08:14:56
861,feudallyKnot,35,70,0.5,0.187419179,0.167697549,0 days 01:09:35,5 days 23:54:53
862,gbonchev,72,2153,0.0334,0.150736381,0.031589018,0 days 00:12:22,2 days 14:16:47
863,EnhancedJanitor724,284,129,2.2016,0.195153915,0.036593579,0 days 00:17:14,9 days 23:46:03
864,WindwardPreempt65,38,42,0.9048,0.427425443,0.281889981,0 days 00:38:47,9 days 18:25:32
865,WonderNo5464,81,1,81,0.265753027,0.027209263,0 days 00:46:09,0 days 00:00:12
866,Alarmed-Ebb-3409,178,1,178,0.675254048,0.368413889,0 days 03:53:09,6 days 20:34:07
867,Enviablyaccept,19,1,19,0.350198295,0.129122339,0 days 00:41:34,5 days 10:14:57
868,Simple_Jackfrui,-28,1,-28,0.368178345,0.002178247,0 days 01:43:24,0 days 00:00:26
869,dbcpw1,24,1,24,0.382168859,0.406534496,0 days 00:44:48,6 days 05:43:36
870,IratelyDiagram797,46,5,9.2,0.634745566,0.531612696,0 days 00:17:03,2 days 14:42:18
871,Ductileplughole50,70,100,0.7,0.623300335,0.312870662,0 days 00:21:48,11 days 16:45:19
872,LargelySpangle359,45,189,0.2381,0.406651218,0.284172764,0 days 00:24:01,15 days 16:29:40
873,Fuzzy-Tap510,5,1,5,0.280138616,0.018829001,0 days 01:03:06,0 days 00:24:28
874,MaturelyGrease49,50,172,0.2907,0.538847954,0.22774689,0 days 00:17:14,4 days 20:33:41
875,Aboveunbosom121,53,55,0.9636,0.276499278,0.111959111,0 days 01:10:02,7 days 00:10:38
876,cTOrmAiNEth,47,87,0.5402,0.133958938,0.21345253,0 days 00:45:27,0 days 18:50:58
877,heedlessheroine853,6,1,6,0.445868075,0.224286423,0 days 00:29:50,4 days 00:17:48
878,ilyazjaz5,-2,1,-2,0.387934275,0.00677548,0 days 20:15:38,0 days 00:21:17
879,Kouraun587,4,1,4,0.313909604,0.006597063,0 days 18:59:17,0 days 00:00:42
880,Sea_Creme_162,7,49,0.1429,0.4166361,0.025281963,0 days 05:57:05,0 days 05:11:08
881,Comfortable_Hope_768,104,1,104,0.267296239,0.022972699,0 days 00:40:37,0 days 17:56:54
882,murkilygreet615,25,8,3.125,0.474446044,0.067988837,0 days 00:37:30,5 days 12:13:55
883,NapoleonDezern,10,1648,0.0061,0.612438475,0.036820226,0 days 00:44:27,0 days 01:30:35
884,Kouraun487,518,121,4.281,0.425046969,0.010194672,0 days 06:33:08,0 days 00:00:40
885,onceadolesce40,52,3,17.3333,0.542557137,0.49437727,0 days 00:16:48,5 days 01:45:35
886,Real_Market8974,83,1,83,0.429025819,0.036791517,0 days 00:44:24,6 days 01:50:22
887,False-Attemp,1071,1911,0.5604,0.520225893,0.012751823,0 days 03:03:07,5 days 17:44:08
888,Plane-Kale-7588,42,1,42,0.144107185,0.000722704,0 days 01:34:57,5 days 13:07:20
889,DogDry7071,287,1,287,-0.072150665,0.216563634,0 days 00:53:38,11 days 23:41:52
890,Consistenaad,467,6927,0.0674,0.560630992,0.078088307,0 days 04:14:32,5 days 00:22:45
