username,avg_comment_similarity,avg_comment_time_interval,avg_reply_speed
Lunar_Deer,0.5352103406008178,1 days 08:49:26,0 days 07:11:59
bobface222,0.766924014150438,0 days 05:44:55,0 days 00:32:11
Bess_Marvin_Curls,0.35239434782868956,1 days 04:12:28,0 days 02:33:38
notyomamasusername,0.6002199822484503,0 days 02:49:08,0 days 02:55:54
-Economist-,0.6641480427092107,0 days 01:16:41,0 days 05:16:02
nodustspeck,0.5445952959533314,0 days 05:47:57,0 days 03:34:14
Zezin96,0.683028762949879,0 days 03:15:59,0 days 04:10:26
biggoof,0.620736292670126,0 days 03:48:16,0 days 03:21:50
Drool_The_Magnificen,0.5365637456450756,0 days 08:28:06,0 days 04:45:15
sesbry,0.7190095746371045,0 days 04:54:30,0 days 04:55:08
DinkandDrunk,0.700703699891981,0 days 00:44:48,0 days 04:06:30
ClankyBat246,0.7216638019421803,0 days 04:23:07,0 days 03:42:13
bogboom,0.6909380914937165,0 days 03:46:21,0 days 08:19:06
BirdRough4992,0.37814494872179266,19 days 16:24:05,0 days 08:58:30
person-456,0.5124214380633659,29 days 02:05:41,0 days 06:44:12
No_External6156,0.5644253316387425,0 days 02:18:35,0 days 02:13:25
I_Say_Something_Nice,0.3525661155668588,16 days 04:16:53,0 days 01:28:05
Plastic-Kangaroo1234,0.5610976548747155,0 days 13:31:24,0 days 09:33:12
inoveryourtoes,0.8026477534513374,1 days 09:06:04,0 days 05:13:50
muuzumuu,0.3884175714347505,0 days 20:54:26,0 days 08:53:59
SnooCrickets2961,0.5153087877750526,0 days 05:34:30,0 days 12:54:14
Niastri,0.6388805864507776,1 days 15:44:56,0 days 02:56:23
M_Mich,0.5369353167326193,0 days 03:22:38,0 days 04:15:30
TheRealGeoffPerson,0.6528112755588167,0 days 03:21:14,0 days 03:11:41
FlipstersParadise,0.5857798965207173,0 days 00:20:09,0 days 00:14:30
manitowoc2250,0.389662948938,0 days 01:14:04,0 days 02:14:30
browster,0.5698651048257382,0 days 15:39:43,0 days 01:48:54
West-Ad-6780,0.7500436984944645,16 days 07:57:54,0 days 07:03:31
gmb92,0.6602790342263212,1 days 03:03:48,0 days 02:54:10
slabby,0.5687268838642793,0 days 03:41:15,0 days 03:29:19
exhilarated_bounds,0.38292885489768513,0 days 02:58:35,0 days 07:02:55
hwgl,0.5699660668320831,0 days 05:19:46,0 days 02:52:10
MrFive0Clock,0.18495975637172354,1 days 00:55:21,0 days 03:42:21
Zestyclose-Outside-3,0.3396301095290507,7 days 05:24:31,0 days 08:43:02
8to24,0.6087870560799807,0 days 00:05:11,0 days 00:10:51
Historynut73,0.5612323173808192,0 days 21:59:46,0 days 02:04:05
Worried_Ad_5411,0.7505954874580953,0 days 02:07:20,0 days 14:23:02
salsajumpingbean,0.7566119117208824,6 days 03:16:50,1 days 06:10:13
Furyburner,0.5930890917907126,1 days 16:46:09,0 days 04:51:21
NoWorth2591,0.42694540521530505,0 days 09:51:03,0 days 03:42:59
papaloski21,0.4930424388516477,16 days 05:30:12,0 days 06:22:23
bluedaddy1,0.29200607624259683,0 days 09:54:16,0 days 07:15:06
HardcoreKaraoke,0.8189569763200607,0 days 00:28:31,0 days 14:41:03
therealskaconut,0.49916179087151863,0 days 06:46:56,0 days 09:44:18
ThatWhiteBoah,0.3787225450964305,0 days 16:56:56,0 days 06:46:08
willyt8122,0.5738140716063789,2 days 21:03:32,0 days 18:44:41
theflower10,0.7020702612295723,0 days 04:08:34,0 days 04:46:39
HaggisMcD,0.40859939525808175,1 days 18:08:07,0 days 14:15:16
werenotthestasi,0.5935849380518542,0 days 01:47:34,0 days 02:16:06
snoipszed,0.5881626437586774,17 days 22:57:24,0 days 08:28:41
Sofus_,0.37279214477548844,2 days 00:14:54,0 days 04:30:26
SenseStraight5119,0.572140509963587,0 days 03:28:00,0 days 04:06:04
yamthepowerful,0.49676123595423727,0 days 21:06:30,0 days 03:22:09
Liam_Tang,0.5615620701919746,3 days 18:38:45,0 days 00:07:56
Nastinatidude,0.5704895463892387,0 days 09:59:35,0 days 06:23:34
Moite_Squib,0.2448891908943256,1 days 04:57:12,0 days 08:31:02
Caged_in_a_rage,0.6511961929204491,0 days 13:16:12,0 days 02:12:29
supremekimilsung,0.5014242549331855,0 days 15:48:30,0 days 08:45:03
Targmind09,0.3340346411130357,2 days 03:22:25,0 days 08:30:13
kimbou812,0.32478263715210165,0 days 09:26:09,0 days 06:41:32
bellow_whale,0.35144601271273423,2 days 17:59:13,0 days 02:05:16
XenOz3r0xT,0.4867477236393148,3 days 23:19:29,0 days 02:49:00
loopnlil,0.23142597368480267,0 days 09:59:01,0 days 02:21:52
b_Fox-O,0.31094208315098953,2 days 13:37:29,0 days 02:16:24
WarpathZero,0.5195923226565491,0 days 02:41:50,0 days 05:04:28
David-Jiang,0.5173731548261498,0 days 05:25:23,0 days 10:20:43
LilZuse,0.332874880530429,0 days 00:35:17,0 days 01:56:55
Sonny_DLight,0.7103983831610371,0 days 19:41:27,0 days 11:47:38
Xfit_Bend,0.6174444260599886,1 days 22:56:38,0 days 05:01:05
Ok_Capital_2525,0.687126299558727,0 days 07:39:54,0 days 10:00:42
EarthSmart3573,0.5810294987014609,3 days 09:12:25,0 days 05:15:24
T0mguns,0.5668737349807618,12 days 19:42:33,0 days 08:00:28
UV_Sun,0.39928946376048186,0 days 07:19:44,0 days 04:56:40
Canaya-Boricua,0.5470566038578253,0 days 21:16:49,0 days 12:55:14
agedchromosomes,0.6145535678803855,6 days 07:53:18,0 days 09:06:05
maryelizabeth_,0.6553685353281652,1 days 04:46:54,0 days 11:07:35
BobInNH,0.5720831192789034,5 days 18:55:48,2 days 11:48:49
sdan1993,0.5611705045656535,25 days 04:54:47,0 days 08:32:31
theaceoffire,0.5228250144585526,1 days 02:18:22,0 days 07:44:08
Nealspeal21,0.5603519003274464,6 days 02:14:17,0 days 11:34:51
socokid,0.5007878582835309,0 days 00:09:25,0 days 04:12:38
JonathanL73,0.5806804425752966,0 days 01:39:44,0 days 10:36:47
crescentkitty,0.5531920735377548,0 days 00:23:56,0 days 03:39:21
InevitableAvalanche,0.5819107249509642,0 days 00:35:03,0 days 00:34:29
Gorillage,0.32341888543820235,5 days 10:11:20,0 days 03:12:48
bedevilaloud,0.7405657219326557,11 days 04:01:46,0 days 08:21:11
gbobeck,0.48592820035159456,0 days 13:58:33,0 days 02:20:14
monstersammich,0.4191265355962654,0 days 01:06:13,0 days 03:11:11
WrongSubreddit,0.46189784138483925,0 days 09:30:07,0 days 02:31:32
cheesehead1790,0.513738588040693,5 days 11:03:13,0 days 07:02:04
TheNorfolk,0.5098225377015554,16 days 18:03:16,0 days 03:59:42
Apart_Number_2792,0.5423361794229985,0 days 01:44:17,0 days 03:49:56
MEVi1,0.29554773831094444,5 days 08:02:18,0 days 07:11:01
JoanWST,0.8147933421164213,1 days 13:34:01,0 days 10:24:08
tacoshango,0.64934838219304,0 days 07:44:10,0 days 03:31:06
Skadzy,0.6523596007296986,0 days 20:39:52,0 days 05:22:12
rysker6,0.44733391560068364,0 days 11:22:13,0 days 06:57:12
httpkadence,0.3790032799429063,1 days 13:46:44,0 days 04:58:37
madam1madam,0.5402087827336404,0 days 18:57:01,0 days 07:24:05
sixfootwingspan,0.3175454215993168,0 days 09:36:47,0 days 07:06:22
CrewsMachine,0.44358005367454,1 days 00:06:07,0 days 04:44:02
vsquad22,0.4145883561310809,2 days 02:29:21,0 days 03:11:12
pierfishmarket,0.31564277337666713,0 days 00:17:18,3 days 06:54:20
niberungvalesti,0.727270738254173,0 days 00:35:36,0 days 01:00:10
paradoxologist,0.6707495782441176,1 days 12:09:10,0 days 08:40:19
CivQhore,0.3481584527919279,2 days 14:43:10,0 days 04:20:23
StatCallisBest,0.6880633218347553,17 days 07:18:20,0 days 04:49:38
Baduknick,0.40564265708280856,1 days 13:19:35,0 days 04:21:54
I_Myself_Personally,0.5859262583387804,1 days 21:25:17,0 days 05:13:47
notyourordinarybear,0.5933554860681545,0 days 10:12:37,0 days 05:21:50
DizzyPomegranate13,0.48895408804523227,0 days 05:37:51,0 days 07:08:51
jndiii,0.17874976134388826,23 days 23:31:04,0 days 09:40:34
Massive_Reaction8845,0.5510184216561359,1 days 08:53:33,0 days 08:28:12
D0nCoyote,0.2699181930933764,0 days 15:11:55,0 days 11:43:32
richcournoyer,0.6065654492372341,0 days 07:40:38,0 days 03:53:43
JediMasterPopCulture,0.36741530267867395,0 days 03:14:06,0 days 09:34:43
Fortestingporpoises,0.6725589590866828,0 days 02:34:23,0 days 04:16:42
strukout,0.3004020765242136,0 days 01:02:31,0 days 01:42:55
MediumRarePorkChop,0.6689338273614707,0 days 09:26:19,0 days 01:06:11
AG246810,0.5583414800651376,0 days 02:45:07,0 days 06:37:32
nuckle,0.6303547233889036,0 days 05:21:50,0 days 02:43:10
Knowmoretruth,0.5847867172491723,0 days 04:18:14,0 days 06:52:49
DeadStringScrolls,0.5629484265101721,0 days 01:31:37,0 days 12:29:10
materics,0.5247394586062063,0 days 00:50:52,0 days 05:57:30
JAlexSZ,0.412345120341868,0 days 12:55:22,0 days 00:46:19
JeremiahBabin,0.3912329095158654,0 days 02:37:57,0 days 02:16:34
__mr_snrub__,0.5405993517123332,0 days 07:06:58,0 days 07:35:01
Vernknight50,0.5342098693696232,0 days 13:47:23,0 days 12:17:55
getyourrealfakedoors,0.492726009779803,0 days 01:07:57,0 days 04:48:18
Kaidenshiba,0.546931300132815,5 days 05:00:54,1 days 04:42:21
rp_361,0.6588461315848206,0 days 16:43:14,0 days 06:18:45
Remorseful_User,0.6317226360248827,0 days 00:14:39,0 days 03:46:10
paperwasp3,0.464271133355422,0 days 00:16:15,0 days 05:17:56
A-Perfect-Name,0.6384312884690331,1 days 07:17:10,0 days 05:49:53
nodoublebogies,0.7656150215602598,1 days 00:17:08,0 days 07:41:18
Greatoutdoors95,0.4892652954733999,0 days 04:33:00,0 days 01:10:52
BlackAndYellowByrd,0.41914678837926284,7 days 16:25:52,1 days 05:02:26
blazingmiami2,0.25688894123771705,19 days 07:53:02,0 days 09:22:40
Bababooey87,0.688658455536635,1 days 07:33:32,0 days 02:35:01
Ok_Pen608,0.6162163044760021,0 days 04:51:51,0 days 01:14:32
CatboyInAMaidOutfit,0.7089202555201164,0 days 08:32:30,0 days 07:20:22
Deluste,0.5511362839090375,0 days 03:15:32,0 days 06:39:13
shuvvel,0.6153297051168656,0 days 05:49:32,0 days 04:02:14
Special_FX_B,0.63016648628346,0 days 01:47:32,0 days 02:34:06
MeasurementKey7787,0.48370223596138306,0 days 01:10:32,0 days 01:55:06
cdizzle99,0.5941740140776952,0 days 07:09:50,0 days 08:58:38
Kalaxi50,0.5341025062625481,0 days 00:31:42,0 days 02:20:31
MiserableMastodon4,0.5812559991479209,0 days 00:28:22,0 days 06:19:15
Zestyiguana,0.640805144571869,0 days 04:22:03,0 days 05:10:59
BikerOrange,0.4188968320106546,2 days 21:21:46,0 days 06:59:58
RoktopX,0.3200615391088418,0 days 17:24:11,0 days 08:30:07
DietZer0,0.5733916772410085,1 days 05:11:34,0 days 13:05:59
Chosen_one184,0.6645723836092448,1 days 03:56:05,0 days 07:03:32
Few-Editor9226,0.545708373453389,5 days 13:10:04,0 days 08:43:01
PinkyAnd,0.6546577795499899,0 days 09:29:27,0 days 01:15:04
rhinosaur-,0.5294071001990849,0 days 06:58:30,0 days 04:39:25
KinkyKitty24,0.5693253318588377,1 days 01:52:17,0 days 06:12:52
BorderlinePaisley,0.3167632341174418,0 days 18:29:16,0 days 09:07:55
fatbrucelee,0.4438103767560594,0 days 05:19:20,0 days 03:47:52
DarthTurnip,0.42480540902508546,0 days 03:42:54,0 days 08:19:50
jking163620,0.3246297618771541,0 days 06:13:31,0 days 07:34:34
mdewals,0.45074024622466785,0 days 18:49:38,0 days 02:19:58
sillykinesis,0.43581945627799157,0 days 03:27:15,0 days 05:00:01
theManWOFear,0.5814328160419532,0 days 17:30:23,0 days 08:49:03
bigRBI,0.3723231609389678,24 days 16:41:36,0 days 05:35:35
music_sports_guy,0.365466178718435,16 days 03:11:57,0 days 19:05:39
PartyIndication5,0.6337411263659762,0 days 20:17:23,0 days 03:19:30
epicgrilledchees,0.4352414223414311,0 days 02:58:15,0 days 06:22:56
Johnlckhrt,0.49917289412334964,8 days 02:12:33,0 days 05:33:02
MittensSlowpaw,0.8188417461183127,0 days 10:02:40,0 days 07:40:27
WJEuroChamp,0.5712653717965609,0 days 11:58:01,0 days 03:56:53
superfunpants,0.532745060279641,0 days 19:53:12,0 days 09:56:18
Painkiller1991,0.4154352494363296,0 days 13:09:07,0 days 09:47:44
xxDmDxx,0.5322270497360043,1 days 06:44:03,0 days 21:57:30
mycatwontstophowling,0.4414862602787644,5 days 02:08:40,0 days 06:22:08
Former42Employee,0.6407514131788182,4 days 09:57:53,0 days 15:48:03
armymike,0.6495707882774515,0 days 13:12:26,0 days 09:08:20
baintaintit,0.6538477347960495,0 days 15:31:57,0 days 06:22:03
Humbiego,0.5558145294047749,22 days 19:24:41,12 days 00:16:54
Psychological_Cry721,0.4486687746931801,3 days 17:28:25,13 days 17:04:08
EqualOrganization726,0.5049612803265136,0 days 12:33:41,0 days 04:08:47
Changingchains,0.5876036678722915,0 days 20:51:52,0 days 23:16:58
8BadMrFrosty,0.5927865529494585,0 days 20:16:23,0 days 08:16:31
alvehyanna,0.7161050426080608,0 days 10:59:36,0 days 06:19:49
joy92691,0.3970645551203275,3 days 00:17:08,0 days 03:48:33
plainfully_oblivious,0.47529857908481,0 days 23:57:02,0 days 03:49:33
dwellerme,0.3347972360640472,8 days 06:47:18,0 days 08:32:36
RunRevolutionary9019,0.6164798429357757,0 days 07:58:26,0 days 04:48:06
goettahead,0.5572771591073711,0 days 05:17:07,0 days 04:10:44
samfishx,0.6671344123578957,0 days 09:18:01,0 days 04:46:22
Vandstar,0.686324250188722,0 days 05:16:15,0 days 05:22:46
yourmomlikesmy_post,0.511752254054954,2 days 00:27:29,0 days 03:56:36
hoods_breath,0.5718788616317338,1 days 02:20:42,0 days 05:30:56
True-Flower8521,0.5672915353627968,16 days 14:15:02,0 days 13:05:24
Mr_bike,0.33937921647999625,0 days 13:29:35,0 days 05:41:52
ethan01021998,0.6626097996780754,0 days 06:37:30,0 days 11:44:45
FeedtheFatRabbit,0.5380504224917819,0 days 04:24:01,0 days 06:54:54
DumpdaTrumpet,0.5779441241548153,0 days 14:21:33,2 days 04:44:50
nord_sword1711,0.6275679548806712,0 days 04:06:04,0 days 02:11:00
middlechildanonymous,0.507590320271787,1 days 16:23:35,0 days 09:18:24
winedogsafari,0.574362912221874,3 days 15:55:48,0 days 08:39:46
GeorgeStamper,0.633690002164122,1 days 09:38:51,0 days 09:03:09
94bronco,0.37221378116775095,0 days 05:20:46,0 days 08:07:56
cjgoose39,0.3711824802186429,0 days 15:34:25,0 days 08:17:48
unixguy55,0.7284629041440629,0 days 06:04:32,0 days 08:39:35
Repthered,0.6277685937003109,0 days 05:19:33,0 days 16:36:39
GmanKev64,0.3386179751324899,10 days 13:30:31,0 days 15:41:05
twan_john,0.6028611775980789,1 days 03:58:38,0 days 05:45:32
nickcliff,0.2626124224947214,0 days 00:20:31,0 days 07:58:14
MJGM235,0.5034672079712759,0 days 02:05:46,0 days 10:53:54
shewalksinbeauty23,0.3886732148271489,3 days 10:49:08,0 days 17:21:38
MTG_NYC,0.6054344626829885,1 days 01:47:12,0 days 06:51:09
suuppeerr,0.6592872070625769,0 days 05:53:35,0 days 07:34:29
Ringo_1956,0.3567751332082812,0 days 00:19:56,0 days 09:34:02
nick2k23,0.5511942655814475,0 days 04:03:17,0 days 11:54:51
furpeturp,0.46383100639076824,0 days 14:06:23,0 days 06:18:30
dzltron,0.22120990072361163,12 days 13:13:25,0 days 03:33:34
crookriot,0.7521375768311416,0 days 04:20:15,0 days 02:58:24
Practical_Limit_7114,0.0,8 days 16:20:21,0 days 10:34:43
MaleficentLynx,0.29686104066166796,0 days 11:15:52,0 days 09:07:15
rmk2004,0.5695855589514164,1 days 10:44:22,0 days 08:02:17
turd_burglar7,0.4882103158237148,0 days 14:27:03,0 days 04:45:30
FlipLuka,0.5147900603926534,28 days 01:02:42,0 days 06:30:18
Outside-Eagle9535,0.5263200779878274,0 days 00:36:48,0 days 04:34:54
dogboy0101,0.43085143802991543,7 days 04:38:57,0 days 06:42:58
abletofable,0.5224145302225532,0 days 00:37:43,0 days 05:55:52
demonsneeze,0.39587157292364555,0 days 19:59:44,0 days 04:14:14
BackIn2019,0.4948660969018763,0 days 01:21:27,0 days 03:55:48
Notch99,0.4612388996120245,0 days 03:59:08,0 days 03:57:42
FlashySafe1540,0.5630527278644333,3 days 20:31:41,0 days 12:11:20
Phughy,0.43166633939453114,4 days 19:44:12,0 days 06:50:05
hyndu311,0.7853887246348188,3 days 09:35:52,0 days 08:29:59
FizzgigsRevenge,0.564916726858518,2 days 07:53:58,0 days 07:17:10
Seniesta,0.5814180888511356,1 days 16:02:04,0 days 09:48:12
Wellsy,0.6056237171758012,0 days 21:25:38,0 days 05:42:55
SexyGunk,0.4665389223477423,3 days 10:52:01,0 days 06:48:52
Maynard078,0.438113597438731,0 days 11:52:26,0 days 04:12:30
voteforbozy,0.6777937086799506,12 days 13:14:13,0 days 03:05:39
aaron0000123,0.5746888898012222,19 days 08:37:26,250 days 11:57:39
Itisnotaboomah,0.4619507019664365,0 days 05:46:54,0 days 08:16:04
Learnin2Shit,0.5816948642195505,1 days 13:55:08,0 days 07:36:54
lastjelousavatar,0.6806865887403181,0 days 02:40:32,0 days 16:31:39
AphoticTide,0.7363487895578172,0 days 04:43:01,0 days 11:06:02
DQ217,0.4910855463619797,2 days 21:21:28,0 days 11:46:38
DogeSoup,0.473212198248479,7 days 01:16:44,0 days 07:36:31
bloodyyuno,0.6301950505968711,1 days 19:00:44,0 days 05:43:00
hiker2021,0.44868801605870456,1 days 02:58:11,0 days 12:05:44
Klutzy-Chocolate710,0.28076022062969164,4 days 08:01:52,0 days 09:34:28
TheSadSensei,0.41963566418094184,9 days 02:50:22,0 days 11:50:18
Mass-Effect-6932,0.4380412636178099,0 days 18:37:09,0 days 07:56:54
RanchBaganch,0.5651755149000363,0 days 01:12:33,0 days 05:26:04
OutdatedElements,0.5822947590900113,0 days 02:45:06,0 days 05:25:07
BronxBoy56,0.3258999466986101,0 days 09:34:09,0 days 05:31:17
ThrowRA-James,0.7572263010703186,0 days 16:48:37,0 days 05:47:27
PruitIgoe,0.553665722316823,2 days 21:52:21,0 days 07:47:54
greg220,0.7218108168952581,3 days 04:44:58,0 days 04:41:11
dafoe_under_bed,0.5390293851308461,3 days 02:33:26,0 days 09:09:27
PuddingEcstatic4142,0.6404219762533062,0 days 02:34:59,0 days 17:03:14
renoahk,0.48390676034347124,2 days 03:26:48,0 days 09:37:40
kevoccrn,0.4669431616740542,0 days 13:54:34,0 days 05:49:13
Gr8NonSequitur,0.6861336534090401,0 days 04:59:12,0 days 03:44:21
gatofeo31,0.5902150001086376,7 days 03:16:38,32 days 05:42:22
ProfilesInDiscourage,0.4819276746032069,0 days 18:04:01,30 days 11:04:31
Budmanes,0.49539217000662183,0 days 00:05:22,0 days 05:57:12
winterbuoy,0.5088419082963782,62 days 09:47:28,0 days 22:56:54
Miserable-Ad3196,0.5327575404761347,0 days 00:10:56,0 days 08:50:34
duskflyer,0.6675821459969447,1 days 13:45:01,0 days 03:23:49
DomofSantoS,0.20320608228739354,12 days 07:25:28,0 days 09:23:30
ArScrap,0.5194162130726926,0 days 05:49:14,3 days 02:44:51
MrUnionJackal,0.6717602947241702,8 days 07:00:52,0 days 08:53:39
Susman22,0.392087054267394,0 days 01:57:55,0 days 08:04:30
hoxboy,0.25900355548888104,16 days 09:36:58,277 days 14:00:29
ReaderofReddit411,0.42326202439273736,2 days 06:36:22,0 days 07:22:20
doodoopoopybrains,0.43859835871370895,0 days 02:39:29,0 days 08:29:40
drkstr27,0.36465118586144274,0 days 04:59:41,0 days 05:50:54
TheApolete,0.7065511406813252,44 days 21:52:40,0 days 05:24:05
Zorg_Employee,0.5915438133087165,0 days 03:12:26,0 days 04:13:39
Smrleda,0.7148843603261671,0 days 20:50:31,0 days 09:14:44
Z_L_,0.5248833817573362,7 days 16:22:39,0 days 01:06:14
golferdrummer,0.2852813559397876,0 days 14:56:22,4 days 15:27:27
brendan250,0.30490311274065895,0 days 15:13:52,0 days 09:45:33
HiSpot321,0.46838714813079363,0 days 06:48:02,0 days 06:11:52
sthilda87,0.6850240226862921,0 days 06:10:44,0 days 08:12:51
winedogsafari,0.574362912221874,3 days 15:55:48,0 days 08:39:46
Bokoharambe69420,0.40963035727152886,29 days 06:11:08,0 days 09:06:04
wellichickenpie,0.6059088739023742,0 days 05:45:01,0 days 09:16:54
cloudsnacks,0.4963425560826292,2 days 22:56:51,0 days 05:23:58
r00ni1waz1ib,0.5011453587796317,0 days 08:18:53,0 days 09:28:20
ARMaloney131,0.2569291861171847,3 days 02:38:02,0 days 11:22:56
Crinklypapercat,0.6974195812926627,0 days 00:06:26,0 days 01:14:13
Hopeful_Permit_7624,0.3636068689101343,2 days 10:04:29,0 days 07:22:35
gs22kaiser,0.20502152859482364,5 days 02:44:22,12 days 10:17:37
quantifical,0.5581311805000486,8 days 14:58:03,0 days 14:26:21
didnotbuyWinRar,0.5879828388697592,0 days 14:55:21,0 days 06:39:33
reiberica,0.5100484792522719,1 days 13:29:03,0 days 12:54:02
EDMFan414,0.3967378556933497,0 days 03:12:17,0 days 17:47:11
tyen0,0.4361388812732179,0 days 10:37:28,0 days 03:38:42
desertSkateRatt,0.622961773849709,0 days 03:04:03,0 days 05:07:11
cheechyee,0.4379489794819728,0 days 02:17:47,0 days 02:46:40
neise53,0.41965296026461696,0 days 18:33:53,0 days 08:07:51
dovachu,0.6782313874110462,8 days 22:49:24,2 days 01:23:17
What_its_full_of,0.454684736055112,0 days 05:45:23,0 days 03:01:05
schizopolis23,0.7652204037233254,0 days 07:29:11,0 days 06:16:46
Forsaken_Ad5292,0.20301102334686488,12 days 06:00:31,0 days 05:59:00
bookeh,0.404507389073457,1 days 08:55:27,0 days 02:10:05
parahnouid,0.38085351433025844,1 days 20:12:07,0 days 09:42:48
TieReasonable3914,0.6484414496864275,0 days 12:27:11,0 days 08:59:18
GregWilson23,0.38305365276625475,0 days 21:58:42,0 days 04:49:53
PickledCringe,0.526751456659063,0 days 11:32:17,0 days 02:15:09
SomeBadMasterpiece,0.560387348462965,1 days 01:18:38,1 days 12:51:38
Sporin71,0.20744942471937738,2 days 13:49:42,0 days 04:53:58
jallgood,0.4928106894042294,19 days 09:36:00,0 days 12:54:18
beebeereebozo,0.4259044052935373,0 days 03:13:37,0 days 06:58:42
drunkwasabeherder,0.44503981994866976,0 days 02:26:13,0 days 02:27:58
Bluefalcon1735,0.45284801652798534,0 days 04:29:18,0 days 05:57:25
SpaceHorse75,0.5423843180990247,0 days 10:46:38,0 days 06:13:46
AlphaOhmega,0.7235605236407646,0 days 06:30:32,0 days 07:20:47
JTKDO,0.6177534486940873,0 days 07:27:58,0 days 06:29:01
professorkurt,0.3913169739797121,0 days 00:05:44,0 days 03:32:33
Igotmoresense2,0.8357804080560852,15 days 07:53:55,0 days 06:56:51
Phoenixapartment,0.5075047768574277,0 days 00:16:20,0 days 00:37:00
Prestigious_Video351,0.6035706769125918,1 days 07:47:06,46 days 23:00:29
ironmaiden7910,0.5560113778893763,0 days 10:54:20,0 days 07:55:38
Lefwix,0.30848959309296703,0 days 16:33:04,0 days 04:49:02
herowiggles,0.3414360620021299,3 days 10:54:31,0 days 07:20:42
bull1226,0.28629479411328784,3 days 14:56:55,0 days 07:32:24
Adventurous-Trade965,0.19212448274786656,36 days 07:58:52,0 days 09:12:30
Upstairs_Owl_1669,0.26559960853979664,1 days 01:47:55,0 days 08:00:23
LOAHS,0.4361401505855936,0 days 01:12:54,0 days 05:18:50
grigsbie,0.654463618253767,0 days 03:46:52,0 days 02:55:25
slappymcslappers,0.6799836436794131,1 days 14:27:17,0 days 07:02:54
eighteen_forty_no,0.5896851042357316,1 days 01:15:58,0 days 18:00:34
JJDude,0.6105988611778932,0 days 12:20:04,0 days 10:42:26
Lennartz1,0.20613195339730267,6 days 23:35:13,0 days 11:37:14
zdub,0.5525763137669875,0 days 21:43:03,0 days 03:48:59
RedditorsAreDross,0.5685815019592986,0 days 16:11:58,0 days 03:29:52
RightRingThing,0.5483171525878363,0 days 01:19:11,0 days 02:38:15
RandomTask100,0.4068800151190571,0 days 02:31:06,0 days 04:54:24
Izraqthedark,0.3374510718535657,7 days 05:13:39,0 days 03:04:58
Builder_liz,0.3514787332593263,1 days 23:19:49,0 days 10:45:02
MilkMenace,0.40393665956868186,0 days 02:19:01,0 days 08:15:16
sparcusa50,0.41260748248773244,15 days 21:12:25,0 days 06:43:45
Lost_Energy2111,0.2436858861928487,3 days 08:58:29,0 days 04:53:58
nunya1111,0.6210884796159664,0 days 04:27:54,0 days 12:12:38
mtchalcedony,0.5699236811106321,0 days 18:12:36,0 days 13:32:52
WhereRandomThingsAre,0.7629144202884599,5 days 07:48:49,0 days 05:09:16
shoulderdeepinghost,0.4417530602869964,1 days 04:00:50,0 days 05:32:10
striderucr,0.5020047110366487,17 days 15:34:53,0 days 05:55:10
DarkoTheory,0.4235239579683138,16 days 19:59:15,0 days 04:21:02
ajbp1,0.3766968687099634,11 days 00:02:49,0 days 09:19:06
bourbaki7,0.7499385366420566,2 days 21:10:37,0 days 03:51:53
mwcherry,0.5233552460221004,49 days 21:21:02,0 days 11:01:08
esande2333,0.31559713722958177,0 days 03:33:52,0 days 07:24:01
donny_devito,0.5294661659625528,12 days 23:04:55,0 days 04:44:55
BetterHouse,0.28545383574085953,0 days 05:23:24,0 days 23:33:44
Majestic_Bowler_4402,0.24202888983662113,8 days 15:24:32,17 days 12:36:30
BAT_1986,0.37697551042545,0 days 01:41:22,0 days 03:27:49
InfallibleBackstairs,0.4904814169190315,0 days 00:06:43,0 days 03:00:54
KKetch1,0.33291883488570945,3 days 23:58:52,0 days 09:46:30
Nechta,0.4742308180927648,7 days 18:38:58,0 days 09:34:25
jderd,0.4623656367339506,0 days 14:58:35,0 days 08:10:29
VotingIsForLosers,0.43862172495500773,0 days 02:24:35,0 days 03:45:01
Any-Signature-8895,0.6612981390154853,0 days 07:17:11,1 days 08:32:43
vondagreat,0.3553491838731509,53 days 18:29:24,42 days 05:15:35
klaramee,0.28451821505185815,1 days 21:41:51,0 days 07:51:54
thedirkgentley,0.4917471754893234,2 days 19:35:48,3 days 17:14:22
BlueClass,0.6342372865171032,1 days 23:36:07,0 days 05:24:17
bevdob2,0.4042541216774134,5 days 10:35:51,0 days 11:12:30
CalmHappyAllDay,0.08571624251075466,53 days 18:02:28,0 days 13:41:00
euginoo,0.6282398877141353,14 days 11:34:25,0 days 03:06:37
sad-and-lonely,0.6090183904141238,9 days 17:14:44,0 days 10:31:22
Dedpoolpicachew,0.6564506438437674,0 days 00:52:18,0 days 09:25:40
biman4anyone,0.6325605688669502,0 days 18:46:30,0 days 11:48:48
SPE825,0.4484668060792806,0 days 05:27:04,0 days 09:59:16
ppw23,0.7002897127383607,0 days 00:15:27,0 days 04:00:53
discobee123,0.6478855967896943,1 days 11:50:18,4 days 13:40:25
exodendritic,0.42111676294392025,0 days 00:00:53,0 days 12:42:42
Most_Character_7976,0.4223079477664839,1 days 14:25:08,0 days 11:57:30
johann68,0.4528622405255381,3 days 21:11:44,2 days 11:03:56
KingVargeras,0.6167078347337949,0 days 12:42:14,0 days 09:32:02
ghostwhowalksdogs,0.5673583395081759,4 days 15:30:37,0 days 07:13:09
Majestic_Dirt_2134,0.4612083031763357,19 days 12:36:00,7 days 01:15:59
borussiadortmund91,0.2539734621694722,0 days 19:05:51,0 days 01:29:37
Zackaroni05,0.47075429528794677,1 days 13:36:35,1 days 06:17:05
Realistic-Campaign80,0.530565396418924,0 days 23:01:55,0 days 17:33:12
Mouseknuckles70,0.38197553277403995,1 days 18:10:04,0 days 10:46:50
biman4anyone,0.6325605688669502,0 days 18:46:30,0 days 11:48:48
Trick_Concept_1117,0.3988625175907194,18 days 02:03:00,0 days 08:52:31
StunningAd6745,0.33735251971877916,2 days 06:34:02,0 days 07:58:27
Artist_Parking,0.5215424151318139,58 days 08:17:33,106 days 11:04:06
zykthyr,0.6156379888798829,6 days 22:13:38,0 days 10:34:59
RaleighThickie,0.7088309403519056,0 days 12:15:43,0 days 04:23:46
bekindanddontmind,0.46267795737395,0 days 08:31:59,0 days 06:45:38
imaaronrodgers,0.2913982640097299,1 days 13:24:24,0 days 07:58:39
NPVT,0.2810881352997444,0 days 01:36:57,0 days 02:14:14
FilmActor,0.5108054911613904,0 days 05:29:32,0 days 01:58:50
arrakis2020,0.4141677810311567,0 days 23:44:54,17 days 05:51:19
FaktCheckerz,0.5459322321100942,0 days 06:29:41,0 days 06:08:23
24hourhypnotoad,0.3029766395300561,3 days 19:23:07,0 days 01:48:46
morenadoll,0.5349559674054308,1 days 08:55:01,0 days 01:53:28
LordOfTheTennisDance,0.3827606235241424,0 days 01:50:26,0 days 03:59:20
_mdz,0.7777296111721679,0 days 04:32:42,0 days 02:00:47
Trpepper,0.5957379255779601,0 days 07:24:59,0 days 03:51:22
NEONSN3K,0.35620512799692533,2 days 10:20:40,0 days 11:06:51
santillinight,0.49803334657532244,1 days 15:59:25,0 days 10:01:38
MrCherry2000,0.6109460145499968,4 days 00:20:17,0 days 07:12:31
DamnDame,0.29376932428233643,1 days 07:30:01,0 days 08:15:37
Bridggi,0.5673318423567395,9 days 12:04:09,0 days 16:49:04
Zanchbot,0.4042505120333677,0 days 03:52:36,0 days 03:48:02
QAPetePrime,0.5918890735242586,1 days 07:09:21,12 days 05:28:42
Alsmk2,0.6774277655906955,0 days 02:57:54,0 days 15:33:51
TheAlchemlst,0.7136792375300541,2 days 04:02:34,0 days 10:01:20
jaykobywankenobi,0.3847572197361782,26 days 02:33:52,0 days 04:39:07
machineprophet343,0.6707016606020815,0 days 07:24:38,0 days 02:04:18
Self_Stirring_Pot,0.5936303434892592,10 days 02:38:44,14 days 10:01:18
hailrobotoverlords,0.19783733150447,2 days 17:38:19,0 days 12:01:49
ColonelSpudz,0.536399073750471,0 days 02:07:38,8 days 00:49:20
hobokind,0.5306069499783546,8 days 20:23:20,0 days 21:09:36
MortyCatbutt,0.5927622152510192,0 days 23:34:24,0 days 08:39:42
not_productive1,0.5448871202024427,0 days 02:31:54,0 days 02:40:04
Remarkable_Top4499,0.48832715605206745,6 days 11:26:52,0 days 11:00:29
Rassirian,0.6431519286934976,0 days 19:56:46,0 days 03:57:38
Lynata,0.7496925255705583,0 days 05:51:35,0 days 03:10:11
menntu,0.4988733281489771,0 days 02:29:27,0 days 03:11:09
IceTuckKittenHarass,0.3684768019801181,0 days 02:34:49,1 days 04:15:05
foco9780,0.4598062883070901,0 days 03:41:56,0 days 05:50:42
Merchant93,0.602228913747155,0 days 09:45:19,4 days 18:29:58
Deep_Ad_5494,0.3955253131392889,18 days 17:01:51,137 days 13:57:56
Layin-the-pipe,0.28086580631648617,1 days 13:09:53,0 days 06:16:44
11thstalley,0.3778263678781213,0 days 04:52:53,0 days 02:21:46
riotacting,0.7199076517955347,1 days 01:27:20,0 days 02:42:29
creedokid,0.5862433002158938,2 days 09:52:03,0 days 16:10:27
genericauthor,0.47858353518364743,0 days 12:46:41,0 days 05:07:30
SparkyPantsMcGee,0.7679672827193594,0 days 09:22:19,0 days 05:00:47
Free_Breakfast687,0.6655562052400202,0 days 00:47:00,0 days 05:12:32
slagstag,0.6069723626395964,2 days 06:49:34,0 days 05:02:21
happy-Accident82,0.5861122132749739,0 days 07:43:16,0 days 02:52:25
HBTD-WPS,0.5648296419119975,1 days 23:25:17,1 days 18:34:08
Itchybootyholes,0.45662632727262176,0 days 07:09:33,0 days 05:36:42
woadhyl,0.5210252468410959,0 days 15:44:35,0 days 06:02:01
sarathepeach,0.35306587837203124,0 days 14:49:18,0 days 07:59:43
broker098,0.6439705350212498,0 days 13:31:02,0 days 04:25:38
leapinleopard,0.5603755909728196,0 days 02:30:04,0 days 01:37:23
Binturong4,0.25147872958741807,56 days 10:48:22,1 days 16:10:33
jirski,0.180868088165607,2 days 08:33:50,0 days 08:03:50
mikec20,0.39082966624011223,0 days 03:19:14,0 days 04:30:17
the_one_true_failure,0.16770691344159946,5 days 10:27:09,0 days 01:08:41
nancylafancy,0.5755256137853145,0 days 15:40:15,0 days 12:06:17
Cooper323,0.5002001717016256,0 days 07:18:27,0 days 02:42:17
2BitBlack,0.2970227753338011,6 days 20:44:24,0 days 08:24:26
greedyboy61,0.666795666137803,0 days 01:31:56,0 days 05:52:02
Tich02,0.19675435855627404,9 days 00:41:17,0 days 12:14:08
Calbruin,0.27482246781822206,0 days 07:42:11,0 days 07:30:29
kvol69,0.38362326858485085,0 days 08:06:43,0 days 12:32:20
CaptainKompromat,0.6642040053620775,21 days 22:46:42,0 days 05:29:35
monkeroos,0.7581435761640931,0 days 08:38:29,0 days 01:25:41
Sir_Derps_Alot,0.4377092787385779,3 days 23:27:16,0 days 09:06:38
DevonGr,0.5943149644333329,0 days 03:52:03,0 days 02:47:00
jefedezorros,0.3628208056504078,1 days 00:13:48,0 days 12:19:03
Justneedtosignup,0.24547032544266983,0 days 16:13:11,0 days 05:26:53
GroundbreakingTry172,0.3152560113998553,0 days 17:44:14,0 days 08:04:22
Vostroyan212th,0.6847059702100137,0 days 04:52:23,0 days 05:14:47
Colmado_Bacano,0.6202806258106496,0 days 06:05:39,9 days 05:59:26
Reasonable_Second460,0.49387762870449464,0 days 12:52:55,0 days 04:32:39
Hungry-Ad-5803,0.5542767165515535,1 days 08:34:17,2 days 12:44:34
G_roundC_offee,0.55309217258674,4 days 09:14:28,0 days 08:24:28
Jack-o-Roses,0.48777465039296136,0 days 01:47:19,0 days 01:55:53
FutureFartHero99,0.3997890075651572,7 days 02:05:13,4 days 15:58:34
photato_pic_guy,0.4732835363539319,0 days 05:28:49,0 days 07:31:20
Bmars,0.7295215095305392,6 days 02:56:19,7 days 18:35:51
djdsf,0.5433983864995642,0 days 09:32:16,0 days 04:00:54
squeekietoy,0.7263816571549279,4 days 09:44:50,0 days 06:49:58
Principal_Insultant,0.46141558682767986,0 days 17:05:11,0 days 08:26:56
Imaginary_Ad_6613,0.43854145050551147,22 days 15:40:43,0 days 09:04:57
fartyfartstein,0.2844091176109695,7 days 20:03:28,0 days 10:08:59
0xsinefide,0.44567306476650803,0 days 10:01:06,0 days 06:26:58
Thetanskeeper,0.6065404900133443,0 days 03:36:29,0 days 06:04:23
Expensive-Training42,0.6372649162626209,29 days 21:33:17,127 days 13:18:48
KingDasher,0.4622628185717448,0 days 19:33:22,1 days 09:14:01
Judah77,0.6115521076913426,1 days 05:25:20,0 days 10:32:19
pallen123,0.4219298440459998,1 days 03:05:34,0 days 11:25:34
dhdhfhfjdjsjd1345,0.5675637813055496,1 days 04:57:45,0 days 04:41:46
Nearby-Squirrel634,0.5843895503489368,2 days 18:08:32,0 days 08:00:45
Jayscreek,0.47274502007995284,12 days 12:25:40,0 days 06:18:39
davidtheartist,0.4574246125857467,0 days 19:36:00,5 days 08:35:04
Phawr,0.5881667015761338,1 days 03:51:35,0 days 06:29:58
James_CV,0.38621315087032176,1 days 05:54:47,0 days 11:00:40
wish1977,0.5764663152322402,0 days 00:18:12,0 days 06:55:16
FudgeyMcFisterson,0.5350442947617998,0 days 02:53:02,0 days 06:31:45
merrileem,0.6514262806306061,0 days 10:36:55,0 days 05:47:36
Reasonable_Photo_628,0.6103650996499965,3 days 23:12:20,2 days 10:42:49
cryptkeepers_nutsack,0.4307483932879315,0 days 13:38:00,0 days 02:17:02
kitchen_clinton,0.6142185541525175,0 days 03:56:48,0 days 04:52:36
MyspecialNeedsKids,0.5255040772924803,3 days 04:01:35,0 days 05:08:10
mikeyt6969,0.5782293381813595,0 days 06:04:44,0 days 04:31:27
dedah77,0.4016493425266825,2 days 08:31:03,0 days 06:50:55
covfefe4dasoul,0.4385880596807828,0 days 14:34:23,0 days 08:33:43
foxly_,0.14413601770875223,7 days 07:17:53,0 days 08:39:10
coolplate,0.27154916014717073,0 days 07:44:39,0 days 05:52:32
metarx,0.7596073150785931,0 days 18:45:54,0 days 08:59:26
MoreCoffeeIsNeeded,0.678094331323416,0 days 15:40:18,0 days 01:39:00
codguy231998409489,0.3079963845751515,0 days 13:09:31,0 days 09:33:17
Crash665,0.5082713588237897,0 days 01:16:50,0 days 07:21:04
SpottedMarmoset,0.5497032766546259,1 days 21:39:06,0 days 01:08:41
Rumplfrskn,0.3733194309900564,0 days 10:15:53,0 days 07:56:40
OnceNamed,0.634371532580843,0 days 03:20:10,0 days 04:03:14
Malarkay79,0.6615284907740305,0 days 04:03:04,0 days 02:57:36
Username_my_ass_,0.4603031553452586,2 days 16:18:01,0 days 14:56:42
resonantred35,0.4587394012005462,0 days 21:29:26,0 days 08:18:36
pizanomac1,0.35969980224660697,14 days 21:53:25,93 days 06:23:46
cietalbot,0.3525949659189822,1 days 04:58:39,0 days 03:44:17
Lookalikemike,0.43438598678128726,0 days 06:30:01,0 days 09:29:26
Prairie_drifter,0.5199326556973177,0 days 09:09:24,0 days 14:31:36
mooptastic,0.5514122164423119,8 days 22:53:41,1 days 18:13:54
Aggravating-Top-1838,0.6081906007716669,0 days 22:01:37,0 days 04:31:48
i-sasquatch,0.43568350050188037,4 days 06:20:07,0 days 07:39:22
chickendance638,0.5220098835420378,0 days 05:53:00,0 days 09:34:12
monstersammich,0.4191265355962654,0 days 01:06:13,0 days 03:11:11
DernderMerfflin,0.7732129098964511,0 days 19:58:13,0 days 03:20:22
Whthpnd,0.35819688687835655,0 days 05:44:47,0 days 08:29:27
Optimal_Ear_4240,0.6377257982524319,0 days 07:54:22,0 days 06:11:35
JPenniman,0.43769386869802657,1 days 05:31:43,0 days 05:51:41
test_tickles,0.18809313846446024,0 days 02:10:20,0 days 02:37:06
PowerfulRace,0.5876168154205295,6 days 10:54:01,334 days 04:02:46
Connect-Turnip-6634,0.2849208966629231,1 days 19:34:27,0 days 07:58:48
Jarek_Teeter,0.5573911816657638,0 days 14:50:27,0 days 10:50:16
WarriorData,0.36768924164034417,0 days 10:14:36,0 days 10:29:54
SDcowboy82,0.2690086970933479,1 days 12:16:36,0 days 07:25:19
NewsZilla,0.45807557885008443,1 days 12:15:34,1 days 23:31:53
Veggiedelite90,0.6341075671411497,1 days 13:20:48,0 days 00:25:33
BornUnderPunches,0.35296830380818317,0 days 23:54:43,1 days 05:10:41
Demithan,0.2627230308548282,1 days 15:21:07,0 days 04:33:48
GoodDayEh,0.374746124848337,3 days 18:01:42,0 days 08:26:46
dudicus1414,0.7590288825679141,0 days 01:21:44,0 days 04:14:21
OdorousRope5,0.5313245844542042,2 days 03:42:56,0 days 06:57:16
dgeaux_senna,0.4698436314982522,0 days 09:38:09,0 days 11:27:37
Shotosavage,0.5257763835341847,0 days 20:04:48,0 days 00:50:56
Mediocritologist,0.5785321077016542,0 days 02:52:53,0 days 08:08:19
AutoRockAsphixiation,0.33077981941796136,4 days 09:28:19,0 days 12:09:16
Successful_Ad_2812,0.5654192638786084,11 days 03:36:04,0 days 12:00:12
ProDiesel,0.7582334577408667,0 days 02:59:30,0 days 05:50:30
GetOutOfTheHouseNOW,0.4720203376399433,0 days 03:10:53,0 days 05:27:47
jackapplecore,0.4948593186957396,0 days 02:03:35,0 days 07:13:16
American_Greed,0.5705301731357499,0 days 02:35:19,0 days 05:40:56
LogMeOutScotty,0.6925345683823099,0 days 00:13:46,0 days 04:41:17
oojamaflip123,0.5757500131835479,0 days 08:39:23,0 days 02:51:22
Cambronian717,0.6009164815347948,0 days 02:40:59,0 days 06:59:40
Phrii,0.6839187221746353,0 days 03:09:56,0 days 01:24:44
ModerateExtremism,0.6591544319886999,0 days 11:04:41,0 days 12:23:36
zelce,0.6391808346366057,5 days 18:25:28,0 days 05:37:39
HighburyOnStrand,0.5048598270424519,0 days 08:53:20,0 days 05:57:44
aimeela,0.4472155420184293,10 days 09:02:48,18 days 21:52:31
kBajina,0.39610373124980663,4 days 16:03:01,8 days 21:43:58
PaganBeef,0.4674209379285503,7 days 08:05:30,0 days 02:48:15
CampusTour,0.705384284315579,0 days 01:26:22,0 days 00:02:17
somuchacceptable,0.5110320102782612,0 days 16:55:44,0 days 05:07:46
thoms-94,0.5531305101138753,1 days 08:11:14,0 days 01:15:24
Leather-Bread-9413,0.34771887954151937,1 days 23:12:49,0 days 02:22:20
TechyDad,0.6711475905363555,0 days 00:38:40,0 days 00:31:32
hirasmas,0.5822891791838865,0 days 11:28:40,0 days 02:25:46
katieleehaw,0.5862924941554878,0 days 00:09:54,0 days 11:07:03
boomboxwithturbobass,0.48880697722655503,0 days 06:39:19,0 days 08:11:52
RedmannBarry,0.29543381508959465,0 days 01:30:46,0 days 00:41:32
ampma,0.6250601323740224,1 days 11:14:13,0 days 01:57:47
LuckyandBrownie,0.4581309589123049,0 days 10:24:26,0 days 00:38:55
morenadoll,0.5349559674054308,1 days 08:55:01,0 days 01:53:28
LoreChief,0.45522918385409217,0 days 05:09:28,0 days 07:59:04
DumpsterFireInHell,0.6692958262946402,3 days 10:29:57,0 days 03:46:20
theHurtfulTurkey,0.46091852794524235,0 days 19:22:22,0 days 02:05:13
SandwichCreature,0.7322279116877711,0 days 15:16:23,0 days 01:47:52
InternalBoring1394,0.33458788295060393,0 days 02:54:45,0 days 02:46:16
Lord_Alderbrand,0.5910994402912351,3 days 06:12:27,0 days 04:14:14
NoodleSnoo,0.7451305802213231,0 days 06:42:00,0 days 04:45:12
892ExpiredResolve,0.6637224188098083,1 days 11:50:45,0 days 05:22:52
hobbes64,0.6038482358049326,0 days 10:55:23,0 days 04:52:43
Sacrifice_bhunt,0.5448571923241722,0 days 03:38:02,0 days 03:30:47
Mista-Mojo-Rising,0.5392224899529782,0 days 01:47:25,0 days 02:03:48
GuitakuPPH,0.7116871412155418,0 days 15:37:51,0 days 10:53:24
Kosta7785,0.5396980935779012,0 days 03:55:41,0 days 08:15:55
GizmoCheesenips,0.6514634997348013,0 days 07:32:30,0 days 03:35:13
otiswrath,0.6451618795040464,0 days 04:53:04,0 days 10:52:00
abhijitd,0.3835866955214895,0 days 11:13:38,0 days 05:04:41
r2d2itisyou,0.6447727383524655,1 days 23:56:13,0 days 02:34:23
IN_to_AG,0.5770380190450329,0 days 05:39:39,0 days 01:16:47
AnAcceptableUserName,0.7571691486146999,0 days 01:30:08,0 days 05:36:11
j_hawker27,0.5504626608891728,0 days 05:46:15,0 days 04:07:16
greevous00,0.7085168290553402,0 days 04:07:36,0 days 02:38:42
dub5eed,0.743539150365418,4 days 22:04:30,0 days 03:49:13
SiliconDiver,0.7470714585362086,0 days 05:13:42,0 days 04:57:54
BailoutBill,0.5032161250503309,1 days 21:12:50,0 days 00:29:46
ShinjoB,0.592719479190669,0 days 13:24:10,0 days 05:00:16
_Schrodingers_Gat_,0.39020110504462946,1 days 08:07:54,0 days 05:14:17
ZoodleNoodle12,0.7161228443391727,0 days 07:20:32,0 days 03:39:17
NoodleSnoo,0.7451305802213231,0 days 06:42:00,0 days 04:45:12
coosacat,0.5323522820660711,0 days 02:06:03,0 days 05:32:58
SnooShortcuts3749,0.3284395982121878,0 days 07:45:24,0 days 05:27:27
KeyWestTime,0.615428613510177,0 days 01:48:15,0 days 00:10:11
heshroot,0.7301884838006613,0 days 15:18:33,0 days 08:13:54
_foo-bar_,0.633602155003169,0 days 02:17:42,0 days 03:29:46
Scoutster13,0.6874257135381246,0 days 00:19:09,0 days 00:16:04
TheDude415,0.6454049178673987,0 days 00:26:04,0 days 00:52:18
Howboutit85,0.5867573449002439,0 days 10:13:14,3 days 07:34:09
Alrightmeh9,0.3915608446235285,96 days 05:12:25,0 days 05:25:08
OdorousRope5,0.5313245844542042,2 days 03:42:56,0 days 06:57:16
1890s-babe,0.5069184672109085,0 days 01:20:05,0 days 06:17:53
HookersAreTrueLove,0.4739128594010568,0 days 01:22:19,0 days 07:09:19
mokango,0.550527992729229,0 days 06:42:20,0 days 02:35:37
ChargerIIC,0.5908553969394086,1 days 17:30:15,0 days 02:38:43
broccolisprout,0.28301428827935193,0 days 04:29:10,0 days 04:58:31
odysseus_of_tanagra,0.51764559067691,2 days 23:32:00,0 days 02:18:55
suckcocker3166,0.46463900894165405,0 days 00:02:56,0 days 03:48:14
Cougardoodle,0.5665053855315034,0 days 07:50:03,0 days 00:21:48
ViagraAndSweatpants,0.6638356373984499,1 days 21:13:00,0 days 02:19:14
hucklebutter,0.4907312753852147,0 days 01:08:06,0 days 07:16:46
I_Went_Full_WSB,0.5927247202404063,0 days 02:16:45,0 days 02:54:09
infinite_fuckery,0.42261609965039254,0 days 13:57:48,0 days 11:32:27
average_jay,0.5808835164366966,2 days 18:11:40,0 days 14:56:58
singlecoilpickup,0.49087987760669566,0 days 04:03:29,0 days 07:48:41
Cougardoodle,0.5665053855315034,0 days 07:50:03,0 days 00:21:48
greevous00,0.7085168290553402,0 days 04:07:36,0 days 02:38:42
Despair-Envy,0.8122569744769281,0 days 00:25:16,0 days 00:40:44
coberh,0.5011360399412713,0 days 04:10:51,0 days 02:44:59
kYvUjcV95vEu2RjHLq9K,0.4526338569182575,0 days 11:24:23,0 days 02:27:00
Cougardoodle,0.5665053855315034,0 days 07:50:03,0 days 00:21:48
psychonaut4020,0.7712821694553861,1 days 07:54:38,364 days 06:29:10
CurrentRedditAccount,0.6374982925142727,0 days 07:53:11,0 days 05:03:31
Shrike79,0.7153522339113926,2 days 10:48:29,0 days 02:11:26
Machdame,0.6350141065308539,0 days 04:56:01,0 days 09:18:05
willywonka1971,0.3453831335183585,1 days 08:49:14,1 days 10:52:48
I_Love_To_Poop420,0.4000042093365143,0 days 01:33:18,0 days 03:46:04
liltwinstar2,0.6900313039249366,0 days 18:47:36,0 days 06:19:34
free_billstickers,0.5256880916800233,0 days 02:11:11,0 days 06:58:13
chickynuggetss,0.39608689089912985,2 days 23:55:45,0 days 08:23:01
Zhe-bic-boi,0.5956266896893189,25 days 06:17:48,0 days 09:13:50
WateryPoops,0.4379801874034628,10 days 02:58:29,0 days 04:24:56
slim_scsi,0.4663766615094725,0 days 00:27:53,0 days 05:01:06
HereOnASphere,0.539662247399237,0 days 03:22:42,0 days 15:23:40
HereOnASphere,0.539662247399237,0 days 03:22:42,0 days 15:23:40
Haunting-Ad788,0.5649166415010519,0 days 12:36:11,0 days 04:56:14
Ghoulius-Caesar,0.5946939065767005,0 days 04:30:25,0 days 07:43:37
joh4NN4,0.5320569941969528,3 days 15:03:07,0 days 05:02:29
Stonylurker,0.7731843718505096,1 days 11:57:51,0 days 05:01:08
axiom1_618,0.35603626371509567,7 days 12:44:14,0 days 06:34:20
CaptainMacMillan,0.6201946462677815,0 days 11:01:31,0 days 05:07:22
No_Weekend_3320,0.7274907600090613,0 days 10:35:08,0 days 03:15:19
Mr_Moogles,0.520246442429137,0 days 04:11:51,0 days 10:47:30
CrumbsAndCarrots,0.41721186540678384,0 days 09:35:44,0 days 02:36:54
volanger,0.5593158617421559,0 days 01:49:28,0 days 04:43:56
MyHamburgerLovesMe,0.4496458607755187,0 days 02:39:07,0 days 04:59:14
Hyperpoly,0.4178530075865943,3 days 22:41:14,0 days 02:59:18
Import-Module,0.5431484773034916,0 days 08:46:04,0 days 03:38:19
infinitemonkeytyping,0.49842463688670036,0 days 05:15:42,0 days 03:37:51
ramza_beoulve3,0.41714512608956134,25 days 11:50:33,0 days 13:47:20
itirnitii,0.6934712029951825,0 days 08:58:13,0 days 01:26:41
Expecto_nihilus,0.5763216116175728,1 days 00:26:22,8 days 08:25:18
midg8,0.5091002052578394,11 days 02:43:32,0 days 03:25:22
slim_scsi,0.4663766615094725,0 days 00:27:53,0 days 05:01:06
camelCaseCadet,0.8366906120875326,1 days 02:20:44,0 days 03:10:39
WolvesInSpaceMarines,0.7086224211045725,1 days 11:13:04,0 days 04:43:18
manhatim,0.26765487330304266,0 days 02:10:17,0 days 05:19:51
Neanderthalknows,0.6080349356996082,4 days 17:46:23,0 days 15:36:47
No_Refrigerator4584,0.43314701955645774,0 days 03:19:00,0 days 08:13:23
-Economist-,0.5769582217563237,0 days 02:31:34,0 days 03:49:59
Chewies-merkin,0.3844358289909427,6 days 19:17:14,0 days 01:25:50
Brief-Value-2797,0.489682226249012,0 days 22:50:27,0 days 07:06:08
duke010818,0.5810665716253166,0 days 16:13:06,0 days 10:53:46
VentborstelDriephout,0.42528375649475464,5 days 13:14:39,0 days 09:41:27
rabs38,0.5369783577385489,11 days 03:13:35,0 days 05:26:48
robgonebonkers,0.49333912439883504,2 days 19:17:34,0 days 05:52:24
From_Deep_Space,0.37681070627351515,0 days 02:06:21,0 days 03:35:00
Bukowskified,0.6867893939402321,0 days 16:19:17,0 days 01:47:57
ColonelSpudz,0.536399073750471,0 days 02:07:38,8 days 00:49:20
eleceng1997,0.7015264056051606,16 days 13:23:41,0 days 13:09:30
HBTD-WPS,0.5648296419119975,1 days 23:25:17,1 days 18:34:08
wolfpac85,0.659186982265137,0 days 18:46:36,3 days 23:24:36
broker098,0.6439705350212498,0 days 13:31:02,0 days 04:25:38
leapinleopard,0.5603755909728196,0 days 02:30:04,0 days 01:37:23
killedbyBS,0.681611558710959,0 days 18:14:50,0 days 06:22:50
scottandcoke,0.5896878713605972,0 days 12:03:43,0 days 02:46:19
FudgeyMcFisterson,0.5350442947617998,0 days 02:53:02,0 days 06:31:45
rickster_,0.4542545276177204,1 days 20:45:03,0 days 06:01:10
SavannahInChicago,0.6008956197984076,0 days 06:45:24,0 days 10:06:06
ExternalSeat,0.7568419264713081,0 days 02:31:13,0 days 06:23:47
broand26,0.33728612920155215,3 days 09:43:43,1 days 19:50:00
Vesuvius-1484,0.6470874710591623,0 days 03:26:42,0 days 04:36:52
DuePrize5,0.698685000284486,0 days 02:49:29,0 days 07:44:57
BendersBlender,0.7512503281099077,0 days 01:34:51,0 days 04:50:41
Cinderjacket,0.5668566064322847,0 days 10:47:29,0 days 04:10:37
_danbro_,0.511926520334938,0 days 05:36:42,0 days 05:49:18
Acidiousx,0.6101716910688495,2 days 07:25:39,0 days 03:57:00
SnooHobbies8473,0.6295533743174503,0 days 04:55:31,0 days 07:28:10
kkocan72,0.5360586103804226,0 days 07:59:04,0 days 02:09:26
WAD1234,0.44921140241923896,2 days 18:30:55,0 days 04:38:32
techmaster242,0.49298018261035803,0 days 07:44:48,0 days 03:25:52
EffortlessFlexor,0.5546679823809045,0 days 05:48:51,0 days 03:57:51
Cambronian717,0.6009164815347948,0 days 02:40:59,0 days 06:59:40
demonj00,0.5169225913375257,0 days 21:32:53,1 days 11:43:14
Haunting-Ad788,0.5649166415010519,0 days 12:36:11,0 days 04:56:14
Lilmissgrits,0.6420577540295217,0 days 16:03:29,0 days 04:06:33
jimni_walker,0.5443946405562209,0 days 00:08:38,0 days 00:08:50
WeAteMummies,0.5618140859793614,2 days 05:10:40,0 days 09:17:21
Long_Before_Sunrise,0.33151855000087044,0 days 00:21:55,0 days 00:47:58
Koolest_Kat,0.3403591739300617,0 days 04:36:45,0 days 05:04:15
davesreddit123,0.6932762858673218,0 days 02:39:51,0 days 07:12:34
Rudeboy67,0.49912371372917214,0 days 03:56:18,0 days 05:20:20
xlinkedx,0.3684908795963979,0 days 15:23:22,0 days 04:05:40
frosted_mango_,0.35247497502482733,1 days 02:09:05,0 days 06:54:30
idontknowmuchanymore,0.3021164413732972,1 days 15:39:50,0 days 08:22:09
Pleg_Doc,0.496013224195306,2 days 23:59:39,0 days 08:38:16
happyneandertal,0.4905222533543479,1 days 02:05:12,0 days 07:23:16
ZombieJesus1987,0.5058288313448517,0 days 02:15:31,0 days 04:46:36
NimbleNavigator19,0.42579241464843554,0 days 16:08:08,0 days 02:56:03
805to808,0.48800620230931835,1 days 21:42:56,0 days 08:26:57
owen__wilsons__nose,0.4607757139409735,0 days 04:51:23,0 days 03:55:31
demonj00,0.5169225913375257,0 days 21:32:53,1 days 11:43:14
spankythamajikmunky,0.67579610714763,0 days 06:02:11,0 days 06:53:14
woNubvJjg5KtwoHAOg1A,0.3040454575387519,0 days 20:19:00,0 days 06:01:21
imakedankmemes,0.6267577113314523,0 days 20:43:01,0 days 01:34:07
EndGame410,0.6175844354837539,0 days 23:58:12,0 days 14:19:05
chicago_bunny,0.31566936952026375,0 days 00:56:45,0 days 01:43:19
beaucephus,0.48863508804466177,1 days 12:37:22,0 days 01:05:28
Stickel,0.48690630757078385,0 days 07:04:48,0 days 06:29:09
RedmannBarry,0.458298489899104,0 days 00:10:10,0 days 00:45:35
Budget-Falcon767,0.7111828422219391,0 days 09:56:55,0 days 04:50:18
BrokeDickTater,0.7128145517967415,3 days 05:30:00,0 days 00:51:15
fuckyoudigg,0.6214951201781892,0 days 09:35:36,0 days 04:01:04
setibeings,0.6445942045107549,0 days 07:01:36,0 days 03:23:44
mgx_,0.4635447987410581,0 days 11:51:27,0 days 03:23:53
lahimatoa,0.6429056113236997,0 days 08:06:26,0 days 01:49:01
greevous00,0.7085168290553402,0 days 04:07:36,0 days 02:38:42
montani,0.40840910882047043,0 days 06:46:37,0 days 07:40:50
sandh035,0.7301668836530321,0 days 18:40:19,0 days 05:09:19
NoodleSnoo,0.7451305802213231,0 days 06:42:00,0 days 04:45:12
GiantAtlanticOctopus,0.7512404290562785,0 days 07:07:22,0 days 00:57:12
BarryBadrinathZJs,0.5576827960473427,0 days 16:21:48,0 days 12:23:19
Dionic04,0.7319107339351066,0 days 00:54:01,0 days 02:26:35
Cinderjacket,0.5668566064322847,0 days 10:47:29,0 days 04:10:37
GONKworshipper,0.5838082758590779,0 days 05:26:21,0 days 06:28:20
phillygirllovesbagel,0.4938536182304603,1 days 01:20:07,0 days 04:28:19
morenewsat11,0.7801209701818124,0 days 04:35:26,0 days 00:13:39
Arpith2019,0.4440151998730537,6 days 12:57:32,0 days 00:39:06
Sweep145,0.41102102213135117,0 days 15:15:19,0 days 01:17:45
BilBrowning,0.5907656175220465,4 days 23:12:12,0 days 06:14:50
Wookers1984,0.724671485546576,0 days 05:13:33,0 days 02:04:34
Abs0lut_Unit,0.41616085265912367,1 days 23:30:00,0 days 00:33:25
stoutshrimp,0.7247976633545457,0 days 07:40:03,0 days 03:35:25
Arpith2019,0.4440151998730537,6 days 12:57:32,0 days 00:39:06
Catdog24z,0.5493250145086568,2 days 08:01:29,0 days 01:41:18
damselfliesreddit,0.5889344618538727,1 days 10:24:48,0 days 01:21:09
PandaMuffin1,0.5126389367316454,0 days 02:40:19,0 days 01:14:08
bythesea_man,0.6843906087367458,0 days 00:41:20,0 days 00:39:28
shelltops,0.5704803326034888,3 days 18:50:26,0 days 01:24:38
BumblesAZ,0.6543569260630973,6 days 09:27:54,0 days 02:12:40
Thai-Reidj,0.6015653619288241,2 days 21:16:29,0 days 02:16:56
Arpith2019,0.4440151998730537,6 days 12:57:32,0 days 00:39:06
slaysia,0.4456650277192337,75 days 05:26:20,7 days 16:34:09
WeWoweewoo,0.7072970347054625,0 days 04:24:59,0 days 01:36:45
mafco,0.6324102198587036,0 days 00:45:15,0 days 00:52:25
thenewrepublic,0.7602145380514129,0 days 08:44:05,0 days 00:12:26
shabuluba,0.5865273928826709,1 days 17:23:43,0 days 00:41:35
wpgbrownie,0.6488601334101268,0 days 08:16:16,0 days 01:28:38
alicen_chains,0.33337670601975955,12 days 10:23:40,0 days 01:39:33
treehousebk,0.6300934660364195,0 days 00:25:43,0 days 00:44:29
jonzgreenberg,0.5681219557431585,55 days 21:02:27,0 days 04:45:51
shelltops,0.5704803326034888,3 days 18:50:26,0 days 01:24:38
zossima,0.6294063527083168,0 days 11:33:33,0 days 03:24:25
da_k1ngslaya,0.4224825978677546,18 days 06:11:36,0 days 01:58:30
theindependentonline,0.7595933935883975,0 days 00:30:01,0 days 00:41:13
Midnightoclock,0.4048698781665257,0 days 10:05:25,0 days 01:28:12
theindependentonline,0.7595933935883975,0 days 00:30:01,0 days 00:41:13
Arpith2019,0.4440151998730537,6 days 12:57:32,0 days 00:39:06
Areilan,0.6366140951136369,1 days 00:19:40,0 days 06:57:29
cutestudent,0.5205474594937087,8 days 18:29:52,0 days 05:38:44
redwineandbeer,0.4978146519361476,2 days 11:19:51,0 days 00:36:19
5280_TW,0.48837969519971886,0 days 03:52:35,0 days 06:36:30
BumblesAZ,0.6543569260630973,6 days 09:27:54,0 days 02:12:40
theindependentonline,0.7595933935883975,0 days 00:30:01,0 days 00:41:13
slaysia,0.4456650277192337,75 days 05:26:20,7 days 16:34:09
theindependentonline,0.7595933935883975,0 days 00:30:01,0 days 00:41:13
opium_kidd,0.48223033657701675,2 days 18:31:35,0 days 06:12:48
_hiddenscout,0.6801486142276166,0 days 00:27:45,0 days 00:20:00
jewelsofeastwest,0.42035446299737883,1 days 17:35:18,0 days 05:29:29
mvanigan,0.329145387383296,1 days 16:05:40,0 days 01:06:27
Novax___Djocovid,0.5940986944775104,0 days 01:04:42,0 days 07:55:36
jamminstein,0.6504462135220369,5 days 08:39:46,0 days 03:29:02
Successful-Bee-2492,0.2880070091273602,0 days 16:16:53,0 days 02:22:30
morenewsat11,0.7801209701818124,0 days 04:35:26,0 days 00:13:39
h2oape,0.68117969878361,5 days 09:33:17,0 days 08:58:19
morenewsat11,0.7801209701818124,0 days 04:35:26,0 days 00:13:39
Baarney23,0.45889752433313036,94 days 03:46:47,0 days 03:58:16
thenewrepublic,0.7602145380514129,0 days 08:44:05,0 days 00:12:26
morenewsat11,0.7801209701818124,0 days 04:35:26,0 days 00:13:39
Porkins67,0.21425366779043753,20 days 14:05:23,0 days 03:14:42
Maple_VW_Sucks,0.5600860326781143,1 days 13:16:38,0 days 01:56:49
RainbowCrown71,0.7168099119756606,0 days 00:37:13,0 days 03:18:22
morenewsat11,0.7801209701818124,0 days 04:35:26,0 days 00:13:39
morenewsat11,0.7801209701818124,0 days 04:35:26,0 days 00:13:39
dingo8yobb,0.3990420402277287,14 days 08:04:32,0 days 09:31:44
misana123,0.8348301796059057,2 days 01:24:42,0 days 00:00:40
themimeofthemollies,0.8006143813847361,0 days 00:27:38,0 days 00:17:16
PresidentMilley,0.5602649142856306,2 days 10:57:30,0 days 00:36:32
HyacinthFT,0.6503736735044575,0 days 10:25:59,0 days 06:18:36
dr_durp,0.6041687868059119,16 days 16:12:36,0 days 04:32:37
Minneapolitanian,0.7434773976335559,4 days 22:33:38,0 days 01:05:36
M00n,0.6679458161793097,1 days 03:48:10,0 days 00:32:48
Infidel8,0.7118914311195809,0 days 23:51:42,0 days 02:58:16
UWCG,0.6548613338610827,0 days 00:05:33,0 days 03:48:20
ReallyJustTheFacts,0.7673763812609083,0 days 03:20:32,0 days 00:15:51
KinkyBADom,0.6011593961109502,0 days 00:23:42,0 days 07:28:53
GreyBeardWizard,0.5373064476872952,31 days 01:43:04,0 days 06:59:04
Miserable-Lizard,0.5666430066086761,0 days 00:11:12,0 days 00:06:40
TintedApostle,0.6224450616284185,0 days 00:06:45,0 days 01:03:51
morenewsat11,0.7801209701818124,0 days 04:35:26,0 days 00:13:39
slaysia,0.4456650277192337,75 days 05:26:20,7 days 16:34:09
FTHomes,0.39529247721146954,0 days 05:29:49,0 days 02:38:07
TipsyRussell,0.5602017449561822,0 days 05:19:52,0 days 02:19:56
morenewsat11,0.7801209701818124,0 days 04:35:26,0 days 00:13:39
theindependentonline,0.7595933935883975,0 days 00:30:01,0 days 00:41:13
cram213,0.49678818411884,0 days 05:33:13,0 days 05:52:32
champdo,0.49388811728141885,0 days 02:17:01,0 days 00:21:27
Miserable-Lizard,0.5666430066086761,0 days 00:11:12,0 days 00:06:40
Va3Victis,0.47019225667010106,2 days 10:07:11,0 days 03:40:14
BumblesAZ,0.6543569260630973,6 days 09:27:54,0 days 02:12:40
thenewrepublic,0.7602145380514129,0 days 08:44:05,0 days 00:12:26
theindependentonline,0.7595933935883975,0 days 00:30:01,0 days 00:41:13
ManchiBoy,0.633826401434797,0 days 02:37:59,0 days 01:00:41
steve-eldridge,0.6583684275370772,11 days 09:06:19,0 days 09:30:40
Sarbat_Khalsa,0.7225673900572148,0 days 05:27:42,0 days 00:08:58
DragonPup,0.6705313379626496,0 days 05:33:53,0 days 07:14:47
mvanigan,0.329145387383296,1 days 16:05:40,0 days 01:06:27
kugkug,0.8391458627659227,4 days 04:02:56,0 days 01:22:05
Crockpot66,0.5936265443243405,0 days 11:05:54,0 days 00:08:36
Ehansaja,0.6980214596423547,0 days 00:05:21,0 days 00:20:50
misana123,0.8348301796059057,2 days 01:24:42,0 days 00:00:40
TweakedNipple,0.5536596077821766,2 days 17:22:37,0 days 06:59:21
ProfessorPerfunctory,0.5564763216362049,3 days 02:37:59,0 days 07:30:00
Baarney23,0.45889752433313036,94 days 03:46:47,0 days 03:58:16
theindependentonline,0.7595933935883975,0 days 00:30:01,0 days 00:41:13
_hiddenscout,0.6801486142276166,0 days 00:27:45,0 days 00:20:00
gotostep2,0.5504431158759325,0 days 18:21:05,0 days 04:05:38
Surferino,0.430612075596689,2 days 16:46:10,0 days 20:22:08
passintimendgas,0.4988870808686199,1 days 17:56:18,0 days 08:33:51
DasCapitolin,0.3050410184865116,0 days 08:06:40,0 days 01:08:58
duderos,0.3071231134170005,1 days 06:20:23,0 days 07:13:01
Heinrich_Bukowski,0.5461405314518119,0 days 13:14:55,0 days 05:01:59
temporary1953,0.4462042438994582,0 days 18:25:26,0 days 01:22:01
redwineandbeer,0.4978146519361476,2 days 11:19:51,0 days 00:36:19
Brothanogood,0.3059008143584853,68 days 07:41:38,0 days 00:06:04
da_k1ngslaya,0.4224825978677546,18 days 06:11:36,0 days 01:58:30
Cjoseph08,0.5145203072246565,109 days 02:17:17,680 days 23:45:13
notNezter,0.4641013306651452,5 days 10:09:50,0 days 06:10:47
_hiddenscout,0.6801486142276166,0 days 00:27:45,0 days 00:20:00
Sweep145,0.41102102213135117,0 days 15:15:19,0 days 01:17:45
Gaytaino,0.37959461011653023,0 days 16:30:23,0 days 03:24:09
HardWorkingNEET,0.8442147313452182,0 days 17:59:06,0 days 01:19:11
BumblesAZ,0.6543569260630973,6 days 09:27:54,0 days 02:12:40
coffeespeaking,0.7149515958494838,0 days 05:16:12,0 days 05:23:21
theindependentonline,0.7595933935883975,0 days 00:30:01,0 days 00:41:13
Ozymandias_a,0.6861949405263585,0 days 06:59:59,0 days 09:57:46
Gaytaino,0.37959461011653023,0 days 16:30:23,0 days 03:24:09
Jozoman,0.5900110000440849,6 days 21:06:50,0 days 00:03:07
ProudnLoud,0.6811082338641266,0 days 06:22:48,0 days 03:37:10
champdo,0.49388811728141885,0 days 02:17:01,0 days 00:21:27
notNezter,0.4641013306651452,5 days 10:09:50,0 days 06:10:47
BilBrowning,0.5907656175220465,4 days 23:12:12,0 days 06:14:50
morenewsat11,0.7801209701818124,0 days 04:35:26,0 days 00:13:39
Sybil_et_al,0.5415944360376042,0 days 02:23:38,0 days 05:01:56
jormungandrsjig,0.3955497797844675,0 days 05:20:23,0 days 07:34:12
Langkit,0.4646276538024546,31 days 10:24:58,0 days 15:43:36
ohnoh18,0.4193333987352316,0 days 00:52:45,0 days 19:11:10
Cockahoop_Pirate,0.3466988828506964,10 days 11:40:33,0 days 10:00:58
vexpopped,0.7222913655855008,0 days 06:22:10,0 days 00:48:04
ege3,0.6521234258366765,25 days 15:46:12,0 days 00:03:52
OkRoll3915,0.6120137668401966,0 days 14:47:09,0 days 01:17:29
Opening_Knowledge868,0.524831316292092,0 days 14:01:48,0 days 00:24:56
Stock412,0.34685456432125716,0 days 07:41:16,0 days 00:55:23
harsh2k5,0.6570379376480495,2 days 16:06:56,0 days 02:08:46
mystic_burrito,0.40733920853540184,2 days 20:15:35,0 days 02:46:11
h2oape,0.68117969878361,5 days 09:33:17,0 days 08:58:19
Tirus_,0.5509572544372177,0 days 00:14:01,0 days 00:11:08
_613_,0.5041763412930854,0 days 20:45:18,0 days 02:23:28
vessol,0.6580635547076752,0 days 15:54:40,0 days 05:25:26
shelltops,0.5704803326034888,3 days 18:50:26,0 days 01:24:38
115MRD,0.5622552067810109,0 days 00:35:28,0 days 06:04:22
ReallyJustTheFacts,0.7673763812609083,0 days 03:20:32,0 days 00:15:51
Minneapolitanian,0.7434773976335559,4 days 22:33:38,0 days 01:05:36
globehater,0.5742136108108641,7 days 23:41:05,0 days 00:36:22
noeszombieseverywher,0.7173223645308979,0 days 05:23:35,0 days 04:05:20
PandaMuffin1,0.5126389367316454,0 days 02:40:19,0 days 01:14:08
mafco,0.6324102198587036,0 days 00:45:15,0 days 00:52:25
Sweep145,0.41102102213135117,0 days 15:15:19,0 days 01:17:45
CapableSecretary420,0.5234562142580917,0 days 00:06:17,0 days 02:33:06
Stinky-Ass-Feet-,0.543250389155307,0 days 15:24:37,0 days 09:02:44
mrwho995,0.837598680050733,0 days 03:06:43,0 days 02:23:37
Surferino,0.430612075596689,2 days 16:46:10,0 days 20:22:08
phillygirllovesbagel,0.4938536182304603,1 days 01:20:07,0 days 04:28:19
Bahloh,0.5310608257186719,0 days 01:08:29,0 days 03:56:56
alabasterheart,0.7981397596230786,2 days 17:24:15,0 days 00:07:51
Routine_Chapter_9099,0.5020162424181814,2 days 10:53:48,0 days 04:52:34
sneakerhead412,0.7001597762396812,0 days 04:39:51,0 days 00:17:20
themimeofthemollies,0.8006143813847361,0 days 00:27:38,0 days 00:17:16
gjp23,0.6003279802403114,5 days 20:55:01,3 days 13:06:45
Big_Stinky_Cock,0.633883190366754,0 days 04:49:48,0 days 00:37:24
thenewrepublic,0.7602145380514129,0 days 08:44:05,0 days 00:12:26
morenewsat11,0.7801209701818124,0 days 04:35:26,0 days 00:13:39
admirablegoma,0.8963379326651785,1 days 06:26:48,0 days 00:04:42
BleachFriend3,0.4764166890622301,2 days 17:31:10,0 days 00:52:12
dronesclubmember,0.43878864665646605,0 days 00:54:57,0 days 02:05:29
insertwittynamethere,0.6704440509457326,0 days 02:32:24,0 days 01:00:27
M00n,0.6679458161793097,1 days 03:48:10,0 days 00:32:48
themimeofthemollies,0.8006143813847361,0 days 00:27:38,0 days 00:17:16
Sweep145,0.41102102213135117,0 days 15:15:19,0 days 01:17:45
brithus,0.6484643714210122,3 days 06:57:46,0 days 09:36:56
passintimendgas,0.4988870808686199,1 days 17:56:18,0 days 08:33:51
4thDevilsAdvocate,0.4691176617050779,0 days 02:05:00,1 days 15:03:45
Psychological_Dot221,0.5797244797824317,11 days 13:32:00,0 days 08:04:34
Worldview01,0.6170822866586981,2 days 23:24:06,1 days 10:50:08
Stinky-Ass-Feet-,0.543250389155307,0 days 15:24:37,0 days 09:02:44
Cockahoop_Pirate,0.3466988828506964,10 days 11:40:33,0 days 10:00:58
Sensate60,0.40790192755301274,0 days 01:20:58,0 days 05:41:41
Novax___Djocovid,0.5940986944775104,0 days 01:04:42,0 days 07:55:36
ohnoh18,0.4193333987352316,0 days 00:52:45,0 days 19:11:10
prohb,0.7566167734915902,0 days 06:07:40,0 days 06:39:19
BumblesAZ,0.6543569260630973,6 days 09:27:54,0 days 02:12:40
Arpith2019,0.4440151998730537,6 days 12:57:32,0 days 00:39:06
thenationmagazine,0.8950412471946488,13 days 08:01:47,0 days 00:01:24
theindependentonline,0.7595933935883975,0 days 00:30:01,0 days 00:41:13
dingo8yobb,0.3990420402277287,14 days 08:04:32,0 days 09:31:44
ydouhatemurica,0.7081584015083323,1 days 10:36:45,1 days 11:32:27
hearsdemons,0.33569160325847974,0 days 08:16:41,0 days 02:58:15
morenewsat11,0.7801209701818124,0 days 04:35:26,0 days 00:13:39
Sweep145,0.41102102213135117,0 days 15:15:19,0 days 01:17:45
Mutapi,0.7661934113301065,1 days 13:48:56,0 days 09:35:39
schottslc,0.5715292000778477,5 days 07:08:48,0 days 13:11:54
ohnoh18,0.4193333987352316,0 days 00:52:45,0 days 19:11:10
Minneapolitanian,0.7434773976335559,4 days 22:33:38,0 days 01:05:36
foreveralonealt,0.6044679552383774,0 days 03:45:24,0 days 00:07:14
StumpVanDerHuge,0.5208619575950425,1 days 06:49:56,0 days 01:17:49
Miserable-Lizard,0.5666430066086761,0 days 00:11:12,0 days 00:06:40
theindependentonline,0.7595933935883975,0 days 00:30:01,0 days 00:41:13
Minneapolitanian,0.7434773976335559,4 days 22:33:38,0 days 01:05:36
Arpith2019,0.4440151998730537,6 days 12:57:32,0 days 00:39:06
thenationmagazine,0.8950412471946488,13 days 08:01:47,0 days 00:01:24
Huplescat22,0.6167096998795093,0 days 08:29:28,0 days 05:19:36
Minneapolitanian,0.7434773976335559,4 days 22:33:38,0 days 01:05:36
philoktetes101,0.6305892024826013,0 days 09:30:41,0 days 01:52:17
HyacinthFT,0.6503736735044575,0 days 10:25:59,0 days 06:18:36
Schwa142,0.5811300128783864,0 days 16:31:06,2 days 00:18:38
Miserable-Lizard,0.5666430066086761,0 days 00:11:12,0 days 00:06:40
BumblesAZ,0.6543569260630973,6 days 09:27:54,0 days 02:12:40
Lscrattish,0.7365553665686186,0 days 22:44:28,0 days 05:06:15
NamelessIguana,0.7012477729532056,0 days 03:56:35,0 days 00:23:59
Baarney23,0.45889752433313036,94 days 03:46:47,0 days 03:58:16
damselfliesreddit,0.5889344618538727,1 days 10:24:48,0 days 01:21:09
malcolm58,0.5481362830843439,0 days 13:22:01,0 days 07:13:46
Brothanogood,0.3059008143584853,68 days 07:41:38,0 days 00:06:04
BilBrowning,0.5907656175220465,4 days 23:12:12,0 days 06:14:50
ProfessorPerfunctory,0.5564763216362049,3 days 02:37:59,0 days 07:30:00
Sweep145,0.41102102213135117,0 days 15:15:19,0 days 01:17:45
BumblesAZ,0.6543569260630973,6 days 09:27:54,0 days 02:12:40
Traditional-Koala279,0.13058949193220232,0 days 16:42:15,0 days 05:40:38
ppldontread,0.3454613519471307,0 days 19:58:00,0 days 00:57:48
Intelligent_Store0,0.2927329069665525,11 days 23:37:15,2 days 13:59:53
BilBrowning,0.5907656175220465,4 days 23:12:12,0 days 06:14:50
theindependentonline,0.7595933935883975,0 days 00:30:01,0 days 00:41:13
keyjan,0.3437845614338522,0 days 00:12:43,0 days 07:33:45
Jeep_Girl_2000,0.5120285078156799,1 days 00:14:25,0 days 09:53:26
Gullible_Peach,0.6570973778073516,0 days 18:32:00,0 days 00:28:56
Souled_Out,0.6934979303330265,0 days 16:04:48,0 days 00:10:48
Sweep145,0.41102102213135117,0 days 15:15:19,0 days 01:17:45
psgia,0.5464410547641452,0 days 04:27:07,0 days 00:11:56
Minneapolitanian,0.7434773976335559,4 days 22:33:38,0 days 01:05:36
Illuminated12,0.67875994627385,0 days 01:26:52,0 days 00:32:55
themimeofthemollies,0.8006143813847361,0 days 00:27:38,0 days 00:17:16
Miserable-Lizard,0.5666430066086761,0 days 00:11:12,0 days 00:06:40
bologna_wallet,0.6283270088855096,0 days 02:26:44,0 days 00:21:35
kugkug,0.8391458627659227,4 days 04:02:56,0 days 01:22:05
Benchen70,0.5328611056148402,2 days 10:15:11,1 days 06:18:30
226644336795,0.6778123340879488,5 days 00:10:18,0 days 10:50:45
UWCG,0.6548613338610827,0 days 00:05:33,0 days 03:48:20
Successful-Bee-2492,0.2880070091273602,0 days 16:16:53,0 days 02:22:30
Sweep145,0.41102102213135117,0 days 15:15:19,0 days 01:17:45
pipsdontsqueak,0.26029020518721785,0 days 04:07:46,0 days 01:53:14
vpniceguys,0.4486468177121987,1 days 16:41:43,0 days 10:24:58
Hiranonymous,0.6016849786985864,0 days 14:03:18,0 days 03:16:53
morenewsat11,0.7801209701818124,0 days 04:35:26,0 days 00:13:39
WeWoweewoo,0.7072970347054625,0 days 04:24:59,0 days 01:36:45
PresidentMilley,0.5602649142856306,2 days 10:57:30,0 days 00:36:32
nanopicofared,0.4167363100622455,0 days 17:09:41,0 days 01:59:10
coffeespeaking,0.7149515958494838,0 days 05:16:12,0 days 05:23:21
shelltops,0.5704803326034888,3 days 18:50:26,0 days 01:24:38
morenewsat11,0.7801209701818124,0 days 04:35:26,0 days 00:13:39
NachoBag_Clip932,0.642999518688564,1 days 00:29:13,0 days 01:22:59
Sweep145,0.41102102213135117,0 days 15:15:19,0 days 01:17:45
LetsPlayCanasta,0.6006026090769667,0 days 03:36:16,0 days 04:03:59
Archer1407,0.7780935461857055,2 days 02:50:40,0 days 03:44:47
News2016,0.6964055029876604,1 days 06:31:05,0 days 05:04:46
morenewsat11,0.7801209701818124,0 days 04:35:26,0 days 00:13:39
OdetotheGrimm,0.5714625557948049,1 days 05:29:15,0 days 00:56:18
OregonTripleBeam,0.607150806967404,1 days 07:57:09,0 days 00:25:10
morenewsat11,0.7801209701818124,0 days 04:35:26,0 days 00:13:39
StumpVanDerHuge,0.5208619575950425,1 days 06:49:56,0 days 01:17:49
Sweep145,0.41102102213135117,0 days 15:15:19,0 days 01:17:45
morenewsat11,0.7801209701818124,0 days 04:35:26,0 days 00:13:39
socks_optional,0.5494629292114113,13 days 11:20:22,2 days 14:29:50
inthelu2,0.41287796224466633,20 days 02:41:42,0 days 00:02:40
GenghisLebron,0.7592534780234458,0 days 03:04:24,0 days 08:29:31
malarkeyfreezone,0.8976876015900416,0 days 14:29:13,0 days 01:33:02
M00n,0.6679458161793097,1 days 03:48:10,0 days 00:32:48
sjkeegs,0.5884741473965679,0 days 11:58:31,0 days 04:07:46
Beckles28nz,0.8079908686356617,1 days 17:25:28,0 days 00:01:26
theindependentonline,0.7595933935883975,0 days 00:30:01,0 days 00:41:13
SoulardSTL,0.43331563709795967,7 days 07:35:56,0 days 03:39:04
theindependentonline,0.7595933935883975,0 days 00:30:01,0 days 00:41:13
12358,0.5435703118475663,1 days 16:53:09,0 days 13:31:22
Kernel32Sanders,0.49857835910698345,0 days 03:08:55,0 days 02:05:14
Sweep145,0.41102102213135117,0 days 15:15:19,0 days 01:17:45
vexpopped,0.7222913655855008,0 days 06:22:10,0 days 00:48:04
onyxcl,0.4750606501444462,21 days 11:41:35,0 days 13:32:10
nosotros_road_sodium,0.4617603282011869,0 days 05:19:13,0 days 04:35:38
HallucinogenicFish,0.5406364080580305,0 days 05:00:38,0 days 01:41:00
hopeless_queen,0.6860823309645809,0 days 19:37:00,0 days 00:15:53
Cjoseph08,0.5145203072246565,109 days 02:17:17,680 days 23:45:13
malarkeyfreezone,0.8976876015900416,0 days 14:29:13,0 days 01:33:02
theindependentonline,0.7595933935883975,0 days 00:30:01,0 days 00:41:13
alabasterheart,0.7981397596230786,2 days 17:24:15,0 days 00:07:51
FenixWater75,0.3112725162742782,0 days 05:17:25,0 days 01:50:32
Minneapolitanian,0.7434773976335559,4 days 22:33:38,0 days 01:05:36
morenewsat11,0.7801209701818124,0 days 04:35:26,0 days 00:13:39
cutestudent,0.5205474594937087,8 days 18:29:52,0 days 05:38:44
svedka93,0.7777308425889119,0 days 15:08:15,0 days 12:22:07
brithus,0.6484643714210122,3 days 06:57:46,0 days 09:36:56
NewsCorner,0.7866640398677955,273 days 04:23:43,0 days 01:45:10
mountaintop111,0.712916573038945,1 days 11:06:34,0 days 00:15:47
morenewsat11,0.7801209701818124,0 days 04:35:26,0 days 00:13:39
Sweep145,0.41102102213135117,0 days 15:15:19,0 days 01:17:45
IHaveGas11,0.6134253360210492,0 days 04:02:43,0 days 07:19:02
morenewsat11,0.7801209701818124,0 days 04:35:26,0 days 00:13:39
covrere17936464,0.34001665981385015,237 days 00:38:56,0 days 00:35:17
SamDumberg,0.511323953709938,0 days 01:31:51,0 days 01:22:52
Miserable-Lizard,0.5666430066086761,0 days 00:11:12,0 days 00:06:40
HyacinthFT,0.6503736735044575,0 days 10:25:59,0 days 06:18:36
LadyMeadows,0.5712950182230612,0 days 01:28:01,0 days 00:30:47
BumblesAZ,0.6543569260630973,6 days 09:27:54,0 days 02:12:40
morenewsat11,0.7801209701818124,0 days 04:35:26,0 days 00:13:39
The_Arborealist,0.624113235067366,0 days 11:04:12,1 days 22:13:55
morenewsat11,0.7801209701818124,0 days 04:35:26,0 days 00:13:39
Le_Rat_Mort,0.48696451358216897,1 days 08:15:56,0 days 01:28:31
gjp23,0.6003279802403114,5 days 20:55:01,3 days 13:06:45
EarthboundHaizi,0.6608930820914796,0 days 09:33:03,6 days 11:39:10
gotostep2,0.5504431158759325,0 days 18:21:05,0 days 04:05:38
alicen_chains,0.33337670601975955,12 days 10:23:40,0 days 01:39:33
Accomplished_Water34,0.37350206647038037,0 days 01:16:24,0 days 04:49:51
Worldview01,0.6170822866586981,2 days 23:24:06,1 days 10:50:08
theindependentonline,0.7595933935883975,0 days 00:30:01,0 days 00:41:13
gotostep2,0.5504431158759325,0 days 18:21:05,0 days 04:05:38
damselfliesreddit,0.5889344618538727,1 days 10:24:48,0 days 01:21:09
Bamfsrule,0.5289239937697975,6 days 07:43:55,0 days 06:12:43
nosotros_road_sodium,0.4617603282011869,0 days 05:19:13,0 days 04:35:38
Minneapolitanian,0.7434773976335559,4 days 22:33:38,0 days 01:05:36
_hiddenscout,0.6801486142276166,0 days 00:27:45,0 days 00:20:00
mafco,0.6324102198587036,0 days 00:45:15,0 days 00:52:25
mafco,0.6324102198587036,0 days 00:45:15,0 days 00:52:25
Opening_Knowledge868,0.524831316292092,0 days 14:01:48,0 days 00:24:56
sniffles11,0.27674931099094974,1 days 18:52:06,0 days 01:24:32
Ossify21,0.6319518045829856,5 days 07:38:01,0 days 01:13:28
morenewsat11,0.7801209701818124,0 days 04:35:26,0 days 00:13:39
Miserable-Lizard,0.5666430066086761,0 days 00:11:12,0 days 00:06:40
alabasterheart,0.7981397596230786,2 days 17:24:15,0 days 00:07:51
myztero,0.3482469544046365,2 days 14:29:22,0 days 00:46:54
coffeespeaking,0.7149515958494838,0 days 05:16:12,0 days 05:23:21
Surferino,0.430612075596689,2 days 16:46:10,0 days 20:22:08
RosetteNewcomb,0.45695747834457073,6 days 08:16:17,0 days 01:24:40
Rock-n-roll-Kevin,0.7275005401531358,5 days 09:35:45,0 days 00:05:27
gjp23,0.6003279802403114,5 days 20:55:01,3 days 13:06:45
Minneapolitanian,0.7434773976335559,4 days 22:33:38,0 days 01:05:36
mixplate,0.6993358237747089,2 days 06:09:14,0 days 00:20:45
coffeespeaking,0.7149515958494838,0 days 05:16:12,0 days 05:23:21
morenewsat11,0.7801209701818124,0 days 04:35:26,0 days 00:13:39
ReallyJustTheFacts,0.7673763812609083,0 days 03:20:32,0 days 00:15:51
nvmeguru,0.6320362583365006,18 days 21:15:39,31 days 12:06:59
M00n,0.6679458161793097,1 days 03:48:10,0 days 00:32:48
NumeralJoker,0.820215861777703,0 days 02:13:19,0 days 02:57:00
Forestcitybloos,0.7354539804523684,0 days 00:40:11,0 days 00:08:10
Sweep145,0.41102102213135117,0 days 15:15:19,0 days 01:17:45
akrobert,0.414224172969108,0 days 20:05:00,0 days 06:45:19
prohb,0.7566167734915902,0 days 06:07:40,0 days 06:39:19
morenewsat11,0.7801209701818124,0 days 04:35:26,0 days 00:13:39
Worldview01,0.6170822866586981,2 days 23:24:06,1 days 10:50:08
ggroover97,0.08433645083792321,0 days 05:14:20,0 days 01:06:27
alicen_chains,0.33337670601975955,12 days 10:23:40,0 days 01:39:33
Surferino,0.430612075596689,2 days 16:46:10,0 days 20:22:08
cutestudent,0.5205474594937087,8 days 18:29:52,0 days 05:38:44
BilBrowning,0.5907656175220465,4 days 23:12:12,0 days 06:14:50
morenewsat11,0.7801209701818124,0 days 04:35:26,0 days 00:13:39
nclobo,0.6755283467716402,25 days 13:21:27,0 days 05:05:29
Sweep145,0.41102102213135117,0 days 15:15:19,0 days 01:17:45
aleph32,0.39612934538705374,0 days 10:45:16,0 days 02:00:16
guntherbumpass,0.5559231168680373,0 days 05:33:05,0 days 03:53:17
bhodrolok,0.5009235117271011,0 days 00:31:44,0 days 06:13:10
CrankyBear,0.6369991864476088,1 days 05:10:36,0 days 07:28:11
HyacinthFT,0.6503736735044575,0 days 10:25:59,0 days 06:18:36
gnutun,0.6607588594900843,3 days 23:23:07,0 days 05:34:04
Sweep145,0.41102102213135117,0 days 15:15:19,0 days 01:17:45
xRipleyx,0.6169744610855777,10 days 22:51:28,0 days 08:40:12
slim_scsi,0.7776031562446164,0 days 00:05:30,0 days 00:07:47
Miserable-Lizard,0.5666430066086761,0 days 00:11:12,0 days 00:06:40
misana123,0.8348301796059057,2 days 01:24:42,0 days 00:00:40
Shadowblues,0.16694907449787602,0 days 22:13:35,0 days 05:30:25
Right_Connection1046,0.5691137512393478,0 days 06:02:34,0 days 03:47:22
emotionalfescue,0.637351652021146,1 days 01:58:17,0 days 06:58:04
misana123,0.8348301796059057,2 days 01:24:42,0 days 00:00:40
nutritionvegan,0.7224564234249595,165 days 11:38:34,0 days 00:31:29
wraithtek,0.5839719639841479,2 days 10:16:28,0 days 03:27:27
aslan_is_on_the_move,0.44855237531328773,0 days 03:45:02,1 days 01:10:03
DumbledoresAtheist,0.6429587285913796,0 days 03:16:46,0 days 06:45:45
Miserable-Lizard,0.5666430066086761,0 days 00:11:12,0 days 00:06:40
thebigtymer,0.4653161226568895,0 days 17:02:57,0 days 02:29:10
ChrisIsUninteresting,0.6312212111171233,0 days 23:39:03,0 days 03:01:13
morenewsat11,0.7801209701818124,0 days 04:35:26,0 days 00:13:39
Technical_Pair_7642,0.7065429776238601,2 days 23:27:53,0 days 21:47:10
themimeofthemollies,0.8006143813847361,0 days 00:27:38,0 days 00:17:16
Wiskkey,0.5714430896713348,0 days 04:37:15,8 days 02:57:18
Surferino,0.430612075596689,2 days 16:46:10,0 days 20:22:08
The_Puff,0.6870020651215234,2 days 16:50:21,0 days 02:48:17
Dr_Legacy,0.3227018888543303,0 days 02:59:42,0 days 03:33:24
cranberryfix,0.5894785444175643,22 days 02:43:56,0 days 06:59:43
e-r_bridge,0.592876147295702,0 days 00:55:09,0 days 01:23:10
morenewsat11,0.7801209701818124,0 days 04:35:26,0 days 00:13:39
nogiblets,0.6270966031923869,0 days 19:25:56,0 days 01:48:54
misana123,0.8348301796059057,2 days 01:24:42,0 days 00:00:40
c00pasaurus,0.6392854187482786,24 days 13:27:09,4 days 02:14:51
BumblesAZ,0.6543569260630973,6 days 09:27:54,0 days 02:12:40
trifecta,0.8000599694811013,3 days 00:21:02,0 days 00:07:42
Successful-Bee-2492,0.2880070091273602,0 days 16:16:53,0 days 02:22:30
PepeBabinski,0.6193455683974757,0 days 00:09:52,0 days 00:20:59
speakhyroglyphically,0.5631208908998604,0 days 02:48:00,0 days 09:59:29
mafco,0.6324102198587036,0 days 00:45:15,0 days 00:52:25
freewoodfloor,0.7218841222972942,0 days 00:18:11,0 days 00:04:51
Miserable-Lizard,0.5666430066086761,0 days 00:11:12,0 days 00:06:40
News2016,0.6964055029876604,1 days 06:31:05,0 days 05:04:46
HyacinthFT,0.6503736735044575,0 days 10:25:59,0 days 06:18:36
UWCG,0.6548613338610827,0 days 00:05:33,0 days 03:48:20
BilBrowning,0.5907656175220465,4 days 23:12:12,0 days 06:14:50
UnlimitedLambSauce,0.295832529652954,0 days 22:07:30,0 days 05:35:46
duderos,0.3071231134170005,1 days 06:20:23,0 days 07:13:01
BumblesAZ,0.6543569260630973,6 days 09:27:54,0 days 02:12:40
CarlKenlik,0.5927750818649016,10 days 12:23:26,0 days 00:15:09
M00n,0.6679458161793097,1 days 03:48:10,0 days 00:32:48
thenewrepublic,0.7602145380514129,0 days 08:44:05,0 days 00:12:26
Baarney23,0.45889752433313036,94 days 03:46:47,0 days 03:58:16
bologna_wallet,0.6283270088855096,0 days 02:26:44,0 days 00:21:35
_Ginesthoi_,0.5499183785531344,3 days 11:19:30,0 days 08:54:41
LolAtAllOfThis,0.443937126645744,2 days 21:09:15,0 days 00:13:54
nice_whereabouts,0.2260970319098064,0 days 16:59:07,0 days 00:54:38
jdoreh,0.42558272512858175,0 days 06:19:11,0 days 05:36:31
Isla_Brown-856,0.33034700120140975,20 days 05:24:08,0 days 09:55:55
Surferino,0.430612075596689,2 days 16:46:10,0 days 20:22:08
lemur_keeper,0.6990875776977465,2 days 04:26:23,0 days 01:18:44
Successful-Bee-2492,0.2880070091273602,0 days 16:16:53,0 days 02:22:30
Opening_Knowledge868,0.524831316292092,0 days 14:01:48,0 days 00:24:56
alabasterheart,0.7981397596230786,2 days 17:24:15,0 days 00:07:51
nosotros_road_sodium,0.4617603282011869,0 days 05:19:13,0 days 04:35:38
treehousebk,0.6300934660364195,0 days 00:25:43,0 days 00:44:29
OhRThey,0.5985004205639542,0 days 03:54:28,11 days 03:31:06
wraithius,0.4902413302757251,16 days 03:25:31,0 days 03:44:30
Geralt_of_Rivial,0.9120960075349547,20 days 18:36:03,0 days 00:23:05
Baarney23,0.45889752433313036,94 days 03:46:47,0 days 03:58:16
theindependentonline,0.7595933935883975,0 days 00:30:01,0 days 00:41:13
thenewrepublic,0.7602145380514129,0 days 08:44:05,0 days 00:12:26
Majnum,0.21805219797142328,1 days 01:52:10,0 days 00:57:15
morenewsat11,0.7801209701818124,0 days 04:35:26,0 days 00:13:39
alabasterheart,0.7981397596230786,2 days 17:24:15,0 days 00:07:51
theindependentonline,0.7595933935883975,0 days 00:30:01,0 days 00:41:13
aktivate74,0.511132600408943,0 days 08:08:22,0 days 04:16:13
Sweep145,0.41102102213135117,0 days 15:15:19,0 days 01:17:45
Rock-n-roll-Kevin,0.7275005401531358,5 days 09:35:45,0 days 00:05:27
Ixz72,0.5756782583637399,8 days 17:45:48,0 days 05:51:54
battlebeez,0.6381603178925903,0 days 21:45:43,0 days 03:04:14
BumblesAZ,0.6543569260630973,6 days 09:27:54,0 days 02:12:40
alabasterheart,0.7981397596230786,2 days 17:24:15,0 days 00:07:51
clash1111,0.7850057375515156,0 days 23:15:15,0 days 02:42:05
puremotionyoga,0.5541113898616217,40 days 10:10:31,0 days 01:37:39
Minneapolitanian,0.7434773976335559,4 days 22:33:38,0 days 01:05:36
buyIdris666,0.5565017127163762,0 days 06:04:52,0 days 23:00:56
HyacinthFT,0.6503736735044575,0 days 10:25:59,0 days 06:18:36
slaysia,0.4456650277192337,75 days 05:26:20,7 days 16:34:09
booradly22,0.2878321116125266,1 days 20:31:18,0 days 08:42:31
shivamYe,0.604819296223403,0 days 04:20:46,0 days 03:24:32
aureanator,0.49784849902410405,0 days 01:22:22,5 days 12:49:05
wraithius,0.4902413302757251,16 days 03:25:31,0 days 03:44:30
morenewsat11,0.7801209701818124,0 days 04:35:26,0 days 00:13:39
slaysia,0.4456650277192337,75 days 05:26:20,7 days 16:34:09
morenewsat11,0.7801209701818124,0 days 04:35:26,0 days 00:13:39
Darzanak,0.5477134923614841,1 days 02:51:41,0 days 01:05:47
TicoDreams,0.6130905558592524,0 days 01:56:29,0 days 02:32:41
morenewsat11,0.7801209701818124,0 days 04:35:26,0 days 00:13:39
hearsdemons,0.33569160325847974,0 days 08:16:41,0 days 02:58:15
Lscrattish,0.7365553665686186,0 days 22:44:28,0 days 05:06:15
number61971,0.7133814772653594,5 days 19:08:21,0 days 05:08:44
eeby_deeby,0.584171209242363,2 days 06:55:13,0 days 14:08:18
M00n,0.6679458161793097,1 days 03:48:10,0 days 00:32:48
prohb,0.7566167734915902,0 days 06:07:40,0 days 06:39:19
behemoth1437,0.48399227542518597,0 days 12:08:48,0 days 04:35:04
morenewsat11,0.7801209701818124,0 days 04:35:26,0 days 00:13:39
Successful-Bee-2492,0.2880070091273602,0 days 16:16:53,0 days 02:22:30
Minneapolitanian,0.7434773976335559,4 days 22:33:38,0 days 01:05:36
swagjuicedrippin,0.38330621830568334,9 days 00:29:02,0 days 04:23:35
Sweep145,0.41102102213135117,0 days 15:15:19,0 days 01:17:45
Minneapolitanian,0.7434773976335559,4 days 22:33:38,0 days 01:05:36
M00n,0.6679458161793097,1 days 03:48:10,0 days 00:32:48
Fanrific,0.6539660091970146,22 days 09:50:25,0 days 02:05:31
Sweep145,0.41102102213135117,0 days 15:15:19,0 days 01:17:45
BilBrowning,0.5907656175220465,4 days 23:12:12,0 days 06:14:50
e-r_bridge,0.592876147295702,0 days 00:55:09,0 days 01:23:10
Crockpot66,0.5936265443243405,0 days 11:05:54,0 days 00:08:36
newfrontier58,0.5915249786509517,0 days 08:05:31,0 days 03:04:27
trifecta,0.8000599694811013,3 days 00:21:02,0 days 00:07:42
poop_scallions,0.5583587045545104,0 days 02:40:49,0 days 01:47:58
tmac022480,0.4062995109887084,1 days 13:32:10,0 days 04:05:12
Ppungent,0.4681319116037243,0 days 01:05:10,0 days 00:24:35
Miserable-Lizard,0.5666430066086761,0 days 00:11:12,0 days 00:06:40
h2oape,0.68117969878361,5 days 09:33:17,0 days 08:58:19
OttawaMan35,0.6056129041034299,4 days 23:48:10,0 days 06:34:58
Pretty-Vehicle-6338,0.4307426064269709,2 days 00:30:34,1 days 00:20:05
cutestudent,0.5205474594937087,8 days 18:29:52,0 days 05:38:44
M00n,0.6679458161793097,1 days 03:48:10,0 days 00:32:48
ohnoh18,0.4193333987352316,0 days 00:52:45,0 days 19:11:10
No_Weekend_3320,0.6271933283511213,0 days 01:24:15,0 days 05:16:44
SixProudWalkers,0.4201401904314323,104 days 03:43:47,0 days 03:36:26
The_Puff,0.6870020651215234,2 days 16:50:21,0 days 02:48:17
BilBrowning,0.5907656175220465,4 days 23:12:12,0 days 06:14:50
Sweep145,0.41102102213135117,0 days 15:15:19,0 days 01:17:45
bluezinharp,0.5903474939398098,2 days 04:37:02,0 days 05:25:46
cutestudent,0.5205474594937087,8 days 18:29:52,0 days 05:38:44
Successful-Bee-2492,0.2880070091273602,0 days 16:16:53,0 days 02:22:30
DumbledoresAtheist,0.6429587285913796,0 days 03:16:46,0 days 06:45:45
alicen_chains,0.33337670601975955,12 days 10:23:40,0 days 01:39:33
2legit2fart,0.6401034402430458,0 days 15:59:10,0 days 20:57:16
shabuluba,0.5865273928826709,1 days 17:23:43,0 days 00:41:35
Sweep145,0.41102102213135117,0 days 15:15:19,0 days 01:17:45
morenewsat11,0.7801209701818124,0 days 04:35:26,0 days 00:13:39
kolwinter,0.5383109577148796,4 days 16:04:57,0 days 05:43:30
BumblesAZ,0.6543569260630973,6 days 09:27:54,0 days 02:12:40
Stinky-Ass-Feet-,0.543250389155307,0 days 15:24:37,0 days 09:02:44
ChimeraMistake,0.7394735154149223,1 days 14:42:20,0 days 07:03:27
mafco,0.6324102198587036,0 days 00:45:15,0 days 00:52:25
theindependentonline,0.7595933935883975,0 days 00:30:01,0 days 00:41:13
ohnoh18,0.4193333987352316,0 days 00:52:45,0 days 19:11:10
javi2591,0.7283660716067434,0 days 05:54:53,0 days 05:23:09
eeby_deeby,0.584171209242363,2 days 06:55:13,0 days 14:08:18
_hiddenscout,0.6801486142276166,0 days 00:27:45,0 days 00:20:00
alicen_chains,0.33337670601975955,12 days 10:23:40,0 days 01:39:33
h2oape,0.68117969878361,5 days 09:33:17,0 days 08:58:19
Stock412,0.34685456432125716,0 days 07:41:16,0 days 00:55:23
thenewrepublic,0.7602145380514129,0 days 08:44:05,0 days 00:12:26
cutestudent,0.5205474594937087,8 days 18:29:52,0 days 05:38:44
Jozoman,0.5900110000440849,6 days 21:06:50,0 days 00:03:07
BilBrowning,0.5907656175220465,4 days 23:12:12,0 days 06:14:50
heinderhead,0.3157918591592291,37 days 12:21:13,0 days 01:47:20
OregonTripleBeam,0.607150806967404,1 days 07:57:09,0 days 00:25:10
Sweep145,0.41102102213135117,0 days 15:15:19,0 days 01:17:45
champdo,0.49388811728141885,0 days 02:17:01,0 days 00:21:27
javi2591,0.7283660716067434,0 days 05:54:53,0 days 05:23:09
WeWoweewoo,0.7072970347054625,0 days 04:24:59,0 days 01:36:45
Mephistocracy,0.8118630679864127,0 days 05:40:58,0 days 05:07:22
